-- MySQL dump 10.13  Distrib 8.0.19, for Win64 (x86_64)
--
-- Host: 10.20.0.62    Database: cma_karanganyar
-- ------------------------------------------------------
-- Server version	5.5.5-10.11.6-MariaDB-0+deb12u1

/*!40101 SET @OLD_CHARACTER_SET_CLIENT=@@CHARACTER_SET_CLIENT */;
/*!40101 SET @OLD_CHARACTER_SET_RESULTS=@@CHARACTER_SET_RESULTS */;
/*!40101 SET @OLD_COLLATION_CONNECTION=@@COLLATION_CONNECTION */;
/*!50503 SET NAMES utf8mb4 */;
/*!40103 SET @OLD_TIME_ZONE=@@TIME_ZONE */;
/*!40103 SET TIME_ZONE='+00:00' */;
/*!40014 SET @OLD_UNIQUE_CHECKS=@@UNIQUE_CHECKS, UNIQUE_CHECKS=0 */;
/*!40014 SET @OLD_FOREIGN_KEY_CHECKS=@@FOREIGN_KEY_CHECKS, FOREIGN_KEY_CHECKS=0 */;
/*!40101 SET @OLD_SQL_MODE=@@SQL_MODE, SQL_MODE='NO_AUTO_VALUE_ON_ZERO' */;
/*!40111 SET @OLD_SQL_NOTES=@@SQL_NOTES, SQL_NOTES=0 */;

--
-- Table structure for table `admin`
--

DROP TABLE IF EXISTS `admin`;
/*!40101 SET @saved_cs_client     = @@character_set_client */;
/*!50503 SET character_set_client = utf8mb4 */;
CREATE TABLE `admin` (
  `id` int(11) NOT NULL AUTO_INCREMENT,
  `username` varchar(255) NOT NULL,
  `name` varchar(255) NOT NULL,
  `email` varchar(255) NOT NULL,
  `password` varchar(255) NOT NULL,
  `user_type` int(11) NOT NULL,
  PRIMARY KEY (`id`)
) ENGINE=InnoDB DEFAULT CHARSET=utf8mb4 COLLATE=utf8mb4_general_ci;
/*!40101 SET character_set_client = @saved_cs_client */;

--
-- Dumping data for table `admin`
--

LOCK TABLES `admin` WRITE;
/*!40000 ALTER TABLE `admin` DISABLE KEYS */;
/*!40000 ALTER TABLE `admin` ENABLE KEYS */;
UNLOCK TABLES;

--
-- Table structure for table `categories`
--

DROP TABLE IF EXISTS `categories`;
/*!40101 SET @saved_cs_client     = @@character_set_client */;
/*!50503 SET character_set_client = utf8mb4 */;
CREATE TABLE `categories` (
  `id` int(11) NOT NULL AUTO_INCREMENT,
  `name` varchar(255) NOT NULL,
  `description` text NOT NULL,
  `active` int(11) NOT NULL,
  `posting_date` timestamp NOT NULL DEFAULT current_timestamp(),
  `updated_date` timestamp NULL DEFAULT NULL,
  PRIMARY KEY (`id`)
) ENGINE=InnoDB AUTO_INCREMENT=27 DEFAULT CHARSET=utf8mb4 COLLATE=utf8mb4_general_ci;
/*!40101 SET character_set_client = @saved_cs_client */;

--
-- Dumping data for table `categories`
--

LOCK TABLES `categories` WRITE;
/*!40000 ALTER TABLE `categories` DISABLE KEYS */;
INSERT INTO `categories` VALUES (1,'Pendidikan','Pendidikan adalah usaha sadar untuk menyiapkan peserta didik melalui kegiatan bimbingan, pengajaran, dan atau latihan bagi peranannya di masa yang akan datang.',1,'2024-02-11 08:34:46',NULL),(2,'Pariwisata','Pariwisata secara Umum yaitu Keseluruhan kegiatan pemerintahan, dunia usaha dan masyarakat untuk mengatur, mengurus dan melayani kebutuhan wisatawan.',1,'2024-02-11 08:35:11',NULL),(3,'Kuliner','Kuliner berasal dari bahasa Inggris “culinary” Culinary diartikan sebagai yang berhubungan dengan dapur atau masakan. Masakan tersebut dapat berupa lauk-pauk, makanan (panganan) dan minuman.',1,'2024-02-20 03:13:43',NULL),(6,'Pertambangan','Berita tentang tambang',0,'2024-02-21 03:15:10',NULL),(7,'Bencana','Bencana adalah peristiwa atau rangkaian peristiwa yang mengancam dan mengganggu kehidupan dan penghidupan masyarakat yang disebabkan oleh faktor alam dan/atau faktor manusia sehingga mengakibatkan timbulnya korban jiwa, kerusakan lingkungan, kerugian harta benda dan dampak psikologis.',1,'2024-02-26 01:43:15',NULL),(8,'Kesehatan','Kesehatan sebagai suatu kondisi fisik, mental dan sosial yang sejahtera secara utuh, dan tidak hanya bebas dari penyakit atau kelemahan/ disabilitas',1,'2024-02-26 01:44:07',NULL),(9,'Politik','Politik berasal dari bahasa Yunani yaitu polis yang artinya negara. Dalam arti luas, politik adalah suatu aktivitas yang dibuat, dipelihara, dan di gunakan untuk masyarakat untuk menegakkan peraturan yang ada di dalam masyarakat itu sendiri.',1,'2024-02-26 01:44:37',NULL),(10,'Pemerintahan','Pemerintahan merupakan organisasi atau wadah orang yang mempunyai kekuasaaan dan lembaga yang mengurus masalah kenegaraan dan kesejahteraan rakyat dan negara.\r\n',1,'2024-02-26 01:45:15',NULL),(11,'Lingkungan','Lingkungan merupakan segala sesuatu yang ada di sekitar kita, baik benda hidup maupun tak hidup. Benda hidup meliputi manusia, hewan, dan tumbuhan, sedangkan benda tak hidup meliputi air, tanah, udara, bebatuan. Lingkungan mempengaruhi perkembangan manusia, hewan, dan tumbuhan.\r\n',1,'2024-02-26 01:47:52',NULL),(12,'Infrastuktur',' infrastruktur adalah fasilitas teknis, fisik, sistem, perangkat keras, dan lunak yang diperlukan untuk melakukan pelayanan kepada masyarakat dan mendukung jaringan struktur agar pertumbuhan ekonomi dan sosial',1,'2024-02-26 02:03:17',NULL),(13,'Hiburan','Hiburan adalah segala sesuatu yang dapat menjadi penghibur atau pelipur lara. Pada umumnya hiburan dapat berupa musik, film, opera, drama ataupun berupa permainan bahkan olahraga. Fungsi hiburan cukup penting, karena manusia membutuhkannya di sela-sela kehidupannya yang serba serius.',1,'2024-02-26 02:08:26',NULL),(14,'Bantuan','penyaluran bantuan',1,'2024-02-26 02:09:45',NULL),(15,'Masyarakat','Masyarakat adalah sekumpulan individu-individu yang hidup bersama, bekerja sama untuk memperoleh kepentingan bersama yang telah memiliki tatanan kehidupan, norma-norma, dan adat istiadat yang ditaati dalam lingkungannya.',1,'2024-02-26 02:13:52',NULL),(16,'Kependudukan atau Kewarganegaraan','kependudukan atau demografi merupakan ilmu yang mempelajari dinamika kependudukan manusia. Demografi meliputi ukuran, struktur, dan distribusi penduduk, serta bagaimana jumlah penduduk berubah setiap waktu akibat kelahiran, kematian, migrasi, serta penuaan.',1,'2024-02-26 02:14:37',NULL),(17,'Agama ','Agama adalah sistem yang mengatur kepercayaan serta peribadatan kepada Tuhan (atau sejenisnya) serta tata kaidah yang berhubungan dengan adat istiadat, dan pandangan dunia yang menghubungkan manusia dengan tatanan kehidupan, pelaksanaan agama bisa dipengaruhi oleh adat istiadat daerah setempat.',1,'2024-02-26 02:16:32',NULL),(18,'Hak Asasi Manusia (HAM)','Hak Asasi Manusia adalah seperangkat hak yang melekat pada hakikat dan keberadaan manusia sebagai makhluk Tuhan Yang Maha Esa dan merupakan anugerah-Nya yang wajib dihormati, dijunjung tinggi dan dilindungi oleh negara, hukum, Pemerintah, dan setiap orang demi kehormatan serta perlindungan harkat dan martabat manusia.\r\n',1,'2024-02-26 02:20:32',NULL),(19,'Pertanian','Pertanian adalah kegiatan pemanfaatan sumber daya hayati yang dilakukan manusia untuk menghasilkan bahan pangan, bahan baku industri, atau sumber energi, serta untuk mengelola lingkungan hidupnya.',1,'2024-02-26 02:21:33',NULL),(20,'Listrik',' Listrik merupakan energi yang dapat diubah menjadi energi lain, menghasilkan panas, cahaya, kimia, atau gerak (mekanik).',1,'2024-02-26 02:22:09',NULL),(21,'Hukum','Hukum adalah peraturan yang dibuat untuk mengatur tingkah laku manusia.',1,'2024-02-26 02:23:02',NULL),(22,'Perdagangan','Perdagangan adalah tatanan kegiatan yang terkait dengan transaksi Barang dan/atau Jasa di dalam negeri dan melampaui batas wilayah negara dengan tujuan pengalihan hak atas Barang dan/atau Jasa untuk memperoleh imbalan atau kompensasi.',1,'2024-02-26 02:24:34',NULL),(23,'Adat Istiadat','adat istiadat ialah tata kelakuan yang turun-temurun dan kekal dari generasi satu ke generasi lainnya sebagai warisan, sehingga integrasinya kuat terkait dengan pola perilaku masyarakat.',1,'2024-02-26 02:25:33',NULL),(24,'Komunikasi','Komunikasi adalah suatu proses penyampaian informasi (pesan, ide, gagasan) dari satu pihak kepada pihak lain. Pada umumnya, komunikasi dilakukan secara lisan atau verbal yang dapat dimengerti oleh kedua belah pihak.\r\n',1,'2024-02-26 02:26:35',NULL),(25,'Keamanan','Keamanan merupakan suatu usaha untuk menghindari timbulnya atau adanya ancaman kejahatan yang akan mengganggu. Keamanan sebaiknya memiliki unsur-unsur seperti adanya proteksi, integritas, keaslian suatu data, serta memiliki hak akses',1,'2024-02-26 02:27:22',NULL),(26,'Kriminalitas','Kriminalitas atau tindak kejahatan adalah suatu tindakan yang melanggar hukum, undang- undang, norma, dan nilai yang berlaku dalam masyarakat. Tindak kejahatan tersebut dapat merugikan dan mengancam keselamatan serta jiwa seseorang.',1,'2024-02-26 02:28:49',NULL);
/*!40000 ALTER TABLE `categories` ENABLE KEYS */;
UNLOCK TABLES;

--
-- Table structure for table `offline_post_analyze`
--

DROP TABLE IF EXISTS `offline_post_analyze`;
/*!40101 SET @saved_cs_client     = @@character_set_client */;
/*!50503 SET character_set_client = utf8mb4 */;
CREATE TABLE `offline_post_analyze` (
  `id` int(11) NOT NULL AUTO_INCREMENT,
  `positive` int(11) NOT NULL,
  `negative` int(11) NOT NULL,
  `total` int(11) NOT NULL,
  `result` varchar(255) NOT NULL,
  `timestamp` timestamp NOT NULL DEFAULT current_timestamp() ON UPDATE current_timestamp(),
  PRIMARY KEY (`id`),
  KEY `id` (`id`)
) ENGINE=InnoDB AUTO_INCREMENT=128 DEFAULT CHARSET=utf8mb4 COLLATE=utf8mb4_general_ci;
/*!40101 SET character_set_client = @saved_cs_client */;

--
-- Dumping data for table `offline_post_analyze`
--

LOCK TABLES `offline_post_analyze` WRITE;
/*!40000 ALTER TABLE `offline_post_analyze` DISABLE KEYS */;
INSERT INTO `offline_post_analyze` VALUES (78,0,1,1,'Negatif','2024-02-11 12:14:30'),(79,1,2,2,'Negatif','2024-02-11 12:19:32'),(80,1,7,7,'Negatif','2024-02-11 16:14:42'),(81,3,2,3,'Positif','2024-02-11 16:16:21'),(85,3,5,2,'','2024-02-12 12:21:22'),(86,4,4,3,'','2024-02-12 12:22:11'),(87,0,2,0,'Positif','2024-02-12 13:48:16'),(88,2,2,3,'','2024-02-12 13:53:33'),(89,2,0,5,'','2024-02-13 00:44:22'),(90,2,2,3,'','2024-02-15 06:08:53'),(91,4,1,4,'Positif','2024-02-16 01:48:20'),(92,2,2,3,'','2024-02-16 01:58:07'),(93,2,1,3,'','2024-02-16 01:59:42'),(94,1,1,3,'','2024-02-16 02:03:39'),(95,1,1,3,'','2024-02-16 02:05:40'),(96,1,1,3,'','2024-02-16 02:11:45'),(97,1,1,3,'','2024-02-16 02:15:08'),(98,1,1,3,'','2024-02-16 02:15:34'),(99,2,1,3,'','2024-02-16 02:16:35'),(100,2,1,3,'','2024-02-17 04:31:22'),(101,1,1,3,'','2024-02-17 05:26:37'),(102,1,1,3,'','2024-02-17 05:27:45'),(103,1,2,2,'Negatif','2024-02-17 05:29:46'),(104,1,2,2,'Negatif','2024-02-17 07:59:13'),(105,0,3,0,'Positif','2024-02-17 08:13:09'),(106,0,3,0,'Positif','2024-02-17 08:13:17'),(107,0,3,0,'Positif','2024-02-17 08:17:55'),(108,0,3,0,'Positif','2024-02-17 08:19:11'),(109,0,3,0,'Positif','2024-02-17 08:27:03'),(110,1,4,1,'Positif','2024-02-20 03:31:16'),(111,0,1,0,'Positif','2024-02-20 03:32:13'),(112,0,3,0,'Positif','2024-02-20 07:29:38'),(113,3,10,1,'','2024-02-20 07:32:05'),(114,1,5,1,'Positif','2024-02-20 15:04:42'),(115,2,2,3,'','2024-02-21 02:13:24'),(116,1,4,1,'Positif','2024-02-21 03:07:55'),(117,5,2,4,'','2024-02-26 01:56:28'),(118,27,34,2,'','2024-02-28 06:54:15'),(119,9,14,2,'','2024-02-28 07:12:14'),(120,22,26,2,'','2024-02-29 03:24:17'),(121,25,35,2,'','2024-02-29 03:32:32'),(122,26,23,3,'','2024-02-29 04:04:10'),(123,0,1,0,'Positif','2024-03-01 01:07:06'),(124,0,1,0,'Positif','2024-03-04 01:18:06'),(125,0,1,0,'Positif','2024-03-04 01:32:37'),(126,0,1,0,'Positif','2024-03-04 01:45:01'),(127,6,2,4,'','2024-03-18 09:12:53');
/*!40000 ALTER TABLE `offline_post_analyze` ENABLE KEYS */;
UNLOCK TABLES;

--
-- Table structure for table `offline_post_images`
--

DROP TABLE IF EXISTS `offline_post_images`;
/*!40101 SET @saved_cs_client     = @@character_set_client */;
/*!50503 SET character_set_client = utf8mb4 */;
CREATE TABLE `offline_post_images` (
  `id` int(11) NOT NULL AUTO_INCREMENT,
  `post_id` int(11) NOT NULL,
  `name` varchar(255) NOT NULL,
  `serial_number` int(11) NOT NULL,
  `url` varchar(255) NOT NULL,
  `posting_date` timestamp NOT NULL DEFAULT current_timestamp(),
  `updated_date` timestamp NULL DEFAULT NULL,
  PRIMARY KEY (`id`),
  KEY `post_id` (`post_id`),
  CONSTRAINT `offline_post_images_ibfk_1` FOREIGN KEY (`post_id`) REFERENCES `offline_posts` (`id`) ON DELETE CASCADE ON UPDATE CASCADE
) ENGINE=InnoDB AUTO_INCREMENT=68 DEFAULT CHARSET=utf8mb4 COLLATE=utf8mb4_general_ci;
/*!40101 SET character_set_client = @saved_cs_client */;

--
-- Dumping data for table `offline_post_images`
--

LOCK TABLES `offline_post_images` WRITE;
/*!40000 ALTER TABLE `offline_post_images` DISABLE KEYS */;
INSERT INTO `offline_post_images` VALUES (57,57,'CCI_000004.jpg',1,'postimages/CCI_000004.jpg','2024-02-26 01:56:28',NULL),(58,58,'Relawan-melakukan-fogging-di-pemukiman-warga-wilayah-Kecamatan.jpg',1,'postimages/Relawan-melakukan-fogging-di-pemukiman-warga-wilayah-Kecamatan.jpg','2024-02-28 06:54:15',NULL),(59,59,'Relawan-melakukan-fogging-di-pemukiman-warga-wilayah-Kecamatan.jpg',1,'postimages/Relawan-melakukan-fogging-di-pemukiman-warga-wilayah-Kecamatan.jpg','2024-02-28 07:12:14',NULL),(60,60,'Pj-Bupati-Karanganyar-Timotius-Suryadi-memantau-pelaksanaan-bazar-pangan-murah.jpg',1,'postimages/Pj-Bupati-Karanganyar-Timotius-Suryadi-memantau-pelaksanaan-bazar-pangan-murah.jpg','2024-02-29 03:24:17',NULL),(61,61,'Penampilan-Wayang-Sampah-Karanganyar.jpg',1,'postimages/Penampilan-Wayang-Sampah-Karanganyar.jpg','2024-02-29 03:32:32',NULL),(67,67,'de59f1eb-9c24-40c1-a1de-6cf998f715fa.png',1,'postimages/de59f1eb-9c24-40c1-a1de-6cf998f715fa.png','2024-03-18 09:12:53',NULL);
/*!40000 ALTER TABLE `offline_post_images` ENABLE KEYS */;
UNLOCK TABLES;

--
-- Table structure for table `offline_posts`
--

DROP TABLE IF EXISTS `offline_posts`;
/*!40101 SET @saved_cs_client     = @@character_set_client */;
/*!50503 SET character_set_client = utf8mb4 */;
CREATE TABLE `offline_posts` (
  `id` int(11) NOT NULL AUTO_INCREMENT,
  `category_id` int(11) NOT NULL,
  `analyze_id` int(11) NOT NULL,
  `title` varchar(255) NOT NULL,
  `slug` varchar(255) NOT NULL,
  `source_id` int(11) NOT NULL,
  `date` date DEFAULT NULL,
  `description` text NOT NULL,
  `view_counter` int(11) DEFAULT NULL,
  `active` int(11) DEFAULT NULL,
  `posted_by` varchar(255) DEFAULT NULL,
  `last_updated_by` varchar(255) DEFAULT NULL,
  `posting_date` timestamp NOT NULL DEFAULT current_timestamp(),
  `updated_date` timestamp NULL DEFAULT NULL,
  PRIMARY KEY (`id`),
  KEY `category_id` (`category_id`,`analyze_id`),
  KEY `analyze_id` (`analyze_id`),
  CONSTRAINT `offline_posts_ibfk_1` FOREIGN KEY (`category_id`) REFERENCES `categories` (`id`) ON DELETE CASCADE ON UPDATE CASCADE,
  CONSTRAINT `offline_posts_ibfk_2` FOREIGN KEY (`analyze_id`) REFERENCES `offline_post_analyze` (`id`) ON DELETE CASCADE ON UPDATE CASCADE
) ENGINE=InnoDB AUTO_INCREMENT=68 DEFAULT CHARSET=utf8mb4 COLLATE=utf8mb4_general_ci;
/*!40101 SET character_set_client = @saved_cs_client */;

--
-- Dumping data for table `offline_posts`
--

LOCK TABLES `offline_posts` WRITE;
/*!40000 ALTER TABLE `offline_posts` DISABLE KEYS */;
INSERT INTO `offline_posts` VALUES (57,10,117,'Bupati: BPD Jangan hanya Stempel Program','bupati_bpd_jangan_hanya_stempel_program',6,'2023-02-15','<p>, Radar Solo-Bupati Karanganyar Juliyatmono mengharapkan Badan Permusyawaratan Desa (BPD) bisa menjalin komunikasi yang baik dengan kepala desa. Hal ini</p><p>untuk menciptakan kondusivitas masyarakat.</p>',529,1,'admin',NULL,'2024-02-26 01:56:28',NULL),(58,2,118,'DKK Karanganyar Imbau Masyarakat Gencarkan PSN, Ada Peningkatan Kasus DBD','dkk_karanganyar_imbau_masyarakat_gencarkan_psn_ada_peningkatan_kasus_dbd',8,'2024-02-28','<div>TRIBUNJATENG.COM, KARANGANYAR - Dinas Kesehatan Kabupaten (DKK) Karanganyar mengimbau masyarakat supaya lebih gencar melakukan pemberantasan sarang nyamuk (PSN) seiring dengan adanya tren peningkatan kasus demam berdarah dengue (DBD).&nbsp;</div><div><br></div><div>Kabid Pencegahan dan Pengendalian Penyakit (P2P) DKK Karanganyar, Warsito menyampaikan, tercatat ada 71 kasus DBD di wilayah Kabupaten Karanganyar mulai dari awal tahun hingga saat ini. Dari jumlah tersebut tidak ada kasus kematian karena DBD. Kendati demikian, tren kasus DBD tergolong mengalami kenaikan dibandingkan dengan tahun sebelumnya.&nbsp;</div><div><br></div><div>\"Tahun sebelumnya itu ada 370-an kasus DBD, ini baru dua bulan saja sudah 71 kasus. Bahkan satu minggu saja ada tambahan 17 kasus, jadi kita memang harus waspada,\" katanya saat dihubungi Tribunjateng.com, Selasa (27/2/2024).&nbsp;</div><div><br></div><div>Dia menuturkan, sebaran kasus DBD paling banyak terjadi di Kecamatan Jaten. Sedangkan dalam lingkup desa, lanjutnya, sebaran kasus DBD paling banyak di Desa Baturan Kecamatan Colomadu dan Desa Kaliwuluh Kecamatan Kebakkramat. Menurutnya, kawasan tersebut termasuk dalam dataran rendah. Di sisi lain mobilitas penduduknya cukup tinggi dan termasuk pemukiman padat.&nbsp;</div><div><br></div><div>\"Dari segi umur, menyeluruh, tidak hanya anak-anak yang terkena DBD tapi ada dewasa dan orang tua,\" terangnya.&nbsp;</div><div><br></div><div>Warsito menerangkan, faktor cuaca dinilai berpengaruh terhadap tumbuh kembang vektor nyamuk aedes aegypti. Oleh karena itu pihaknya meminta masyarakat lebih giat lagi untuk melakukan PSN khususnya di luar rumah. Dinas telah membuat surat edaran supaya dilakukan gerakan PSN serentak di lingkup kantor dinas, sekolahan dan desa serta kelurahan di wilayah Kabupaten Karanganyar.&nbsp;</div><div><br></div><div>\"Ini kan selain hujan masih ada panas, temperatur suhu sangat mendukung untuk tumbuh kembang jentik nyamuk,\" tuturnya.&nbsp;</div><div><br></div><div>Pihaknya menyarankan apabila masyarakat mengalami gejala demam dan panas tinggi supaya segera memeriksakan diri ke pelayanan kesehatan sehingga dapat segera ditangani. Di samping itu pihaknya menyarankan masyarakat tidak berpindah tempat pelayanan kesehatan supaya kondisinya dapat terpantau. (Ais).</div><div><br></div><div><br></div><div><br></div><div>Artikel ini telah tayang di TribunJateng.com dengan judul DKK Karanganyar Imbau Masyarakat Gencarkan PSN, Ada Peningkatan Kasus DBD, https://jateng.tribunnews.com/2024/02/27/dkk-karanganyar-imbau-masyarakat-gencarkan-psn-ada-peningkatan-kasus-dbd.</div><div>Penulis: Agus Iswadi | Editor: rival al manaf</div>',18,0,'admin',NULL,'2024-02-28 06:54:15',NULL),(59,7,119,'28 Rumah Warga Terdampak Angin Kencang di Karanganyar','28_rumah_warga_terdampak_angin_kencang_di_karanganyar',8,'2024-02-27','<p>TRIBUNJATENG.COM, KARANGANYAR - 28 rumah warga di dua desa wilayah Kecamatan Gondangrejo Kabupaten Karanganyar terdampak angin kencang yang terjadi pada Senin (26/2/2024) sore.</p><p><br></p><p>Kalakhar BPBD Karanganyar, Hendro Prayitno menyampaikan, rumah warga yang terdampak angin kencang berada di Desa Tuban dan Desa Selokaton.</p><p><br></p><p>Selain rumah warga, ada pohon tumbang serta tiang papan reklame di Jalan Solo-Purwodadi yang roboh usai tersapu angin kencang.</p><p><br></p><p>\"Sementara ini ada 28 rumah yang rusak terkena angin kencang, ada yang tertimpa tiang listrik serta atap berbahan galvalum terbang,\" katanya saat dihubungi Tribunjateng.com, Selasa (27/2/2024).</p><p><br></p><p>Terkait rumah warga yang terdampak angin kencang, terang Hendro, anggota dibantu perangkat desa masih melakukan penyisiran dan pendataan hingga saat ini.</p><p><br></p><p>Dia menuturkan, petugas PLN telah memperbaiki tiang listrik yang roboh pasca angin kencang kemarin.</p><p><br></p><p>Selain itu pihaknya juga telah berkoordinasi dengan dinas terkait guna penanganan papan reklame yang roboh di ruas Jalan Solo-Purwodadi.</p><p><br></p><p>\"Pasokan aliran listrik untuk warga sudah normal,\" tuturnya.</p><p><br></p><p>Terkait penanganan rumah warga yang terdampak angin kencang, lanjutnya, petugas akan mengkategorikan kerusakan akibat bencana tersebut untuk nantinya diajukan untuk mendapatkan bantuan sosial dari pemda. (Ais).</p>',13,0,'admin',NULL,'2024-02-28 07:12:14',NULL),(60,22,120,'Pemkab Karanganyar Gencar Gelar Bazar Pangan Murah di Tengah Kenaikan Harga Sembako','pemkab_karanganyar_gencar_gelar_bazar_pangan_murah_di_tengah_kenaikan_harga_sembako',8,'2024-02-29','<p>TRIBUNJATENG.COM, KARANGANYAR - Pemkab Karanganyar gencar menggelar bazar pangan murah untuk membantu masyarakat seiring adanya kenaikan harga sembako.</p><p><br></p><p>Pemda kali ini menggelar bazar pangan murah di halaman Kantor Kecamatan Colomadu pada Rabu (28/2/2024).</p><p><br></p><p>Dalam bazar tersebut disediakan 3 ton beras, 600 Kg gula dan 600 liter minyak goreng.</p><p><br></p><p>&nbsp;Baca juga: Video DPC Iwapi Kab Tegal Gelar Pemeriksaan Kesehatan, Bazar UMKM, dan Pasar Murah</p><p><br></p><p>Beras ukuran 5 Kg dijual dengan harga Rp 51 ribu. Minyak goreng dijual dengan harga Rp 14 ribu per liter dan gula pasir dijual dengan harga RP 16 ribu per Kg.</p><p><br></p><p>Kabid Ketahanan Pangan Dinas Pertanian Pangan dan Perikanan (Dispertan PP) Karanganyar, Budi Sutrisno menyampaikan, antusias masyarakat sangat tinggi dengan adanya bazar pangan murah di halaman Kantor Kecamatan Colomadu.</p><p><br></p><p>Bahkan sembako yang dijual di bazar tersebut ludes dalam kurun waktu kurang dari 2 jam.</p><p><br></p><p>\"Total sudah 5 kali bazar pangan murah digelar bulan ini, di Mojogedang, Karangpandan, Jatiyoso dan Colomadu. Masih ada bazar pangan murah di Gedung Kebudayaan Karanganyar pada 6 Maret 2024,\" katanya saat dihubungi Tribunjateng.com Rabu siang.</p><p><br></p><p>Dia menuturkan, sejumlah komoditas yang mengalami kenaikan harga selain beras ada pula cabai dan telur.</p><p><br></p><p>Lanjutnya, kenaikan harga beras dikarenakan dampak dari el nino yang mengakibatkan keterlambatan masa tanam petani sehingga hasil panenan masih minim hingga saat ini.</p><p><br></p><p>\"Kalau telur saat ini serapannya cukup tinggi sehingga ada kenaikan, khususnya dari para pelaku usaha. Sedang cabai karena intensitas hujan tinggi sehingga merontokan bunga berdampak pada gangguan produksi di sentra penghasil cabai sehingga harga naik,\" terangnya.</p><p><br></p><p>&nbsp;Baca juga: Bantu Ketahanan Pangan, YBM PLN UIP JBT Sebarkan Paket Sembako di Jawa Barat</p><p><br></p><p>Khususnya beras, terangnya, sebentar lagi akan memasuki panen raya sehingga pasokan akan kembali normal.</p><p><br></p><p>Oleh karena itu pihaknya berharap masyarakat tidak perlu panik karena meskipun ada kenaikan harga stok beras di pasaran aman.</p><p><br></p><p>\"Harapan kami masyarakat tidak perlu panik, belanja besar-besaran. Secukupnya saja,\" tutur Budi. (Ais)&nbsp;</p><p><br></p><p><br></p><p><br></p><p>Artikel ini telah tayang di TribunJateng.com dengan judul Pemkab Karanganyar Gencar Gelar Bazar Pangan Murah di Tengah Kenaikan Harga Sembako, https://jateng.tribunnews.com/2024/02/28/pemkab-karanganyar-gencar-gelar-bazar-pangan-murah-di-tengah-kenaikan-harga-sembako.</p><p>Penulis: Agus Iswadi | Editor: raka f pujangga</p>',18,0,'admin',NULL,'2024-02-29 03:24:17',NULL),(61,13,121,'Wayang Sampah, Toni Konde: Sarana Edukasi Serta Kampanye Isu Lingkungan','wayang_sampah_toni_konde_sarana_edukasi_serta_kampanye_isu_lingkungan',8,'2024-02-29','<p>TRIBUNJATENG.COM, KARANGANYAR - Dinas Kesehatan Kabupaten (DKK) Karanganyar mengimbau masyarakat supaya lebih gencar melakukan pemberantasan sarang nyamuk (PSN) seiring dengan adanya tren peningkatan kasus demam berdarah dengue (DBD).&nbsp;</p><p><br></p><p>Kabid Pencegahan dan Pengendalian Penyakit (P2P) DKK Karanganyar, Warsito menyampaikan, tercatat ada 71 kasus DBD di wilayah Kabupaten Karanganyar mulai dari awal tahun hingga saat ini. Dari jumlah tersebut tidak ada kasus kematian karena DBD. Kendati demikian, tren kasus DBD tergolong mengalami kenaikan dibandingkan dengan tahun sebelumnya.&nbsp;</p><p><br></p><p>\"Tahun sebelumnya itu ada 370-an kasus DBD, ini baru dua bulan saja sudah 71 kasus. Bahkan satu minggu saja ada tambahan 17 kasus, jadi kita memang harus waspada,\" katanya saat dihubungi Tribunjateng.com, Selasa (27/2/2024).&nbsp;</p><p><br></p><p>Dia menuturkan, sebaran kasus DBD paling banyak terjadi di Kecamatan Jaten. Sedangkan dalam lingkup desa, lanjutnya, sebaran kasus DBD paling banyak di Desa Baturan Kecamatan Colomadu dan Desa Kaliwuluh Kecamatan Kebakkramat. Menurutnya, kawasan tersebut termasuk dalam dataran rendah. Di sisi lain mobilitas penduduknya cukup tinggi dan termasuk pemukiman padat.&nbsp;</p><p><br></p><p>\"Dari segi umur, menyeluruh, tidak hanya anak-anak yang terkena DBD tapi ada dewasa dan orang tua,\" terangnya.&nbsp;</p><p><br></p><p>Warsito menerangkan, faktor cuaca dinilai berpengaruh terhadap tumbuh kembang vektor nyamuk aedes aegypti. Oleh karena itu pihaknya meminta masyarakat lebih giat lagi untuk melakukan PSN khususnya di luar rumah. Dinas telah membuat surat edaran supaya dilakukan gerakan PSN serentak di lingkup kantor dinas, sekolahan dan desa serta kelurahan di wilayah Kabupaten Karanganyar.&nbsp;</p><p><br></p><p>\"Ini kan selain hujan masih ada panas, temperatur suhu sangat mendukung untuk tumbuh kembang jentik nyamuk,\" tuturnya.&nbsp;</p><p><br></p><p>Pihaknya menyarankan apabila masyarakat mengalami gejala demam dan panas tinggi supaya segera memeriksakan diri ke pelayanan kesehatan sehingga dapat segera ditangani. Di samping itu pihaknya menyarankan masyarakat tidak berpindah tempat pelayanan kesehatan supaya kondisinya dapat terpantau. (Ais).</p>',18,0,'admin',NULL,'2024-02-29 03:32:32',NULL),(67,1,127,'Pemerintah Memberikan Apresiasi Kepada Mahasiswa Karanganyar Yang Berkuliah di PTN','pemerintah_memberikan_apresiasi_kepada_mahasiswa_karanganyar_yang_berkuliah_di_ptn',6,'2024-03-18','<p>Pemerintah memberikan apresiasi berupa uang tunai kepada mahasiswa karanganyar yang mampu masuk ke Perguruan Tinggi Negri, apresiasi tersebut guna untuk meningkatkan semangat para mahasiswa untuk berkuliah.</p>',12,0,'admin',NULL,'2024-03-18 09:12:53',NULL);
/*!40000 ALTER TABLE `offline_posts` ENABLE KEYS */;
UNLOCK TABLES;

--
-- Table structure for table `online_post_analyze`
--

DROP TABLE IF EXISTS `online_post_analyze`;
/*!40101 SET @saved_cs_client     = @@character_set_client */;
/*!50503 SET character_set_client = utf8mb4 */;
CREATE TABLE `online_post_analyze` (
  `id` int(11) NOT NULL AUTO_INCREMENT,
  `positive` int(11) NOT NULL,
  `negative` int(11) NOT NULL,
  `total` int(11) NOT NULL,
  `result` varchar(255) NOT NULL,
  `timestamp` timestamp NOT NULL DEFAULT current_timestamp() ON UPDATE current_timestamp(),
  PRIMARY KEY (`id`),
  KEY `id` (`id`)
) ENGINE=InnoDB AUTO_INCREMENT=122 DEFAULT CHARSET=utf8mb4 COLLATE=utf8mb4_general_ci;
/*!40101 SET character_set_client = @saved_cs_client */;

--
-- Dumping data for table `online_post_analyze`
--

LOCK TABLES `online_post_analyze` WRITE;
/*!40000 ALTER TABLE `online_post_analyze` DISABLE KEYS */;
INSERT INTO `online_post_analyze` VALUES (94,19,22,2,'','2024-02-19 12:43:58'),(95,19,22,2,'','2024-02-19 12:47:47'),(96,19,22,2,'','2024-02-19 12:50:13'),(97,19,22,2,'','2024-02-19 12:50:25'),(98,19,22,2,'','2024-02-19 12:51:25'),(99,19,22,2,'','2024-02-19 12:52:54'),(100,19,22,2,'','2024-02-19 13:05:39'),(101,56,42,3,'','2024-02-19 13:06:27'),(102,56,42,3,'','2024-02-19 13:18:54'),(103,56,42,3,'','2024-02-19 14:15:07'),(104,15,26,2,'','2024-02-19 14:33:30'),(105,6,15,1,'','2024-02-20 00:43:38'),(106,20,13,3,'','2024-02-20 02:16:24'),(107,18,24,2,'','2024-02-20 03:41:35'),(108,18,24,2,'','2024-02-20 03:46:22'),(109,18,24,2,'','2024-02-20 03:48:04'),(110,76,110,2,'','2024-02-20 07:06:15'),(111,76,110,2,'','2024-02-20 07:07:55'),(112,18,24,2,'','2024-02-20 13:46:02'),(113,15,34,2,'','2024-02-20 13:47:45'),(114,12,5,4,'','2024-02-21 02:19:20'),(115,23,8,4,'','2024-02-21 02:25:18'),(116,23,8,4,'','2024-02-21 02:30:52'),(117,23,8,4,'','2024-02-21 02:33:49'),(118,23,8,4,'','2024-02-21 02:35:08'),(119,35,27,3,'','2024-02-21 03:10:51'),(120,27,31,2,'','2024-02-28 06:27:06'),(121,13,25,2,'','2024-03-16 14:32:17');
/*!40000 ALTER TABLE `online_post_analyze` ENABLE KEYS */;
UNLOCK TABLES;

--
-- Table structure for table `online_post_images`
--

DROP TABLE IF EXISTS `online_post_images`;
/*!40101 SET @saved_cs_client     = @@character_set_client */;
/*!50503 SET character_set_client = utf8mb4 */;
CREATE TABLE `online_post_images` (
  `id` int(11) NOT NULL AUTO_INCREMENT,
  `post_id` int(11) NOT NULL,
  `name` varchar(255) NOT NULL,
  `serial_number` int(11) NOT NULL,
  `url` varchar(255) NOT NULL,
  `posting_date` timestamp NOT NULL DEFAULT current_timestamp(),
  `updated_date` timestamp NULL DEFAULT NULL,
  PRIMARY KEY (`id`),
  KEY `post_id` (`post_id`)
) ENGINE=InnoDB AUTO_INCREMENT=65 DEFAULT CHARSET=utf8mb4 COLLATE=utf8mb4_general_ci;
/*!40101 SET character_set_client = @saved_cs_client */;

--
-- Dumping data for table `online_post_images`
--

LOCK TABLES `online_post_images` WRITE;
/*!40000 ALTER TABLE `online_post_images` DISABLE KEYS */;
INSERT INTO `online_post_images` VALUES (47,38,'adhi.jpg',1,'postimages/adhi.jpg','2024-02-19 14:15:07',NULL),(48,38,'backButton.png',2,'postimages/backButton.png','2024-02-19 14:15:07',NULL),(49,39,'WIN_20240129_15_09_56_Pro.jpg',1,'postimages/WIN_20240129_15_09_56_Pro.jpg','2024-02-19 14:33:30',NULL),(50,40,'WIN_20240129_15_09_55_Pro.jpg',1,'postimages/WIN_20240129_15_09_55_Pro.jpg','2024-02-20 00:43:38',NULL),(51,41,'gibran-rakabuming-raka-saat-menghadiri-konser-rakyat.jpg',1,'postimages/gibran-rakabuming-raka-saat-menghadiri-konser-rakyat.jpg','2024-02-20 02:16:24',NULL),(52,42,'Caleg-DPR-RI-Dapil-Jateng-IV-Rinto-Subekti.jpg',1,'postimages/Caleg-DPR-RI-Dapil-Jateng-IV-Rinto-Subekti.jpg','2024-02-20 03:41:35',NULL),(53,43,'Caleg-DPR-RI-Dapil-Jateng-IV-Rinto-Subekti.jpg',1,'postimages/Caleg-DPR-RI-Dapil-Jateng-IV-Rinto-Subekti.jpg','2024-02-20 03:46:22',NULL),(54,44,'Caleg-DPR-RI-Dapil-Jateng-IV-Rinto-Subekti.jpg',1,'postimages/Caleg-DPR-RI-Dapil-Jateng-IV-Rinto-Subekti.jpg','2024-02-20 03:48:04',NULL),(55,45,'Caleg-DPR-RI-Dapil-Jateng-IV-Rinto-Subekti.jpg',1,'postimages/Caleg-DPR-RI-Dapil-Jateng-IV-Rinto-Subekti.jpg','2024-02-20 13:46:02',NULL),(56,46,'Ilustrasi-korupsi-suap.jpg',1,'postimages/Ilustrasi-korupsi-suap.jpg','2024-02-20 13:47:45',NULL),(57,47,'Resize_20230925_055603_3575.webp',1,'postimages/Resize_20230925_055603_3575.webp','2024-02-21 02:19:20',NULL),(58,48,'Resize_20230925_055603_3575.webp',1,'postimages/Resize_20230925_055603_3575.webp','2024-02-21 02:25:18',NULL),(59,49,'Resize_20230925_055603_3575.webp',1,'postimages/Resize_20230925_055603_3575.webp','2024-02-21 02:30:52',NULL),(60,50,'Resize_20230925_055603_3575.webp',1,'postimages/Resize_20230925_055603_3575.webp','2024-02-21 02:33:49',NULL),(61,51,'Resize_20230925_055603_3575.webp',1,'postimages/Resize_20230925_055603_3575.webp','2024-02-21 02:35:08',NULL),(62,52,'Resize_20230925_055603_3575.webp',1,'postimages/Resize_20230925_055603_3575.webp','2024-02-21 03:10:51',NULL),(63,53,'Relawan-melakukan-fogging-di-pemukiman-warga-wilayah-Kecamatan.jpg',1,'postimages/Relawan-melakukan-fogging-di-pemukiman-warga-wilayah-Kecamatan.jpg','2024-02-28 06:27:06',NULL),(64,54,'bocah-hanyut-2_169.jpeg',1,'postimages/bocah-hanyut-2_169.jpeg','2024-03-16 14:32:17',NULL);
/*!40000 ALTER TABLE `online_post_images` ENABLE KEYS */;
UNLOCK TABLES;

--
-- Table structure for table `online_posts`
--

DROP TABLE IF EXISTS `online_posts`;
/*!40101 SET @saved_cs_client     = @@character_set_client */;
/*!50503 SET character_set_client = utf8mb4 */;
CREATE TABLE `online_posts` (
  `id` int(11) NOT NULL AUTO_INCREMENT,
  `category_id` int(11) NOT NULL,
  `analyze_id` int(11) NOT NULL,
  `link` text NOT NULL,
  `title` varchar(255) NOT NULL,
  `date` date DEFAULT NULL,
  `description` text NOT NULL,
  `active` int(11) NOT NULL,
  `posting_date` timestamp NOT NULL DEFAULT current_timestamp() ON UPDATE current_timestamp(),
  PRIMARY KEY (`id`),
  KEY `category_id` (`category_id`,`analyze_id`)
) ENGINE=InnoDB AUTO_INCREMENT=55 DEFAULT CHARSET=utf8mb4 COLLATE=utf8mb4_general_ci;
/*!40101 SET character_set_client = @saved_cs_client */;

--
-- Dumping data for table `online_posts`
--

LOCK TABLES `online_posts` WRITE;
/*!40000 ALTER TABLE `online_posts` DISABLE KEYS */;
INSERT INTO `online_posts` VALUES (37,2,102,'https://bisnis.solopos.com/presiden-pastikan-stok-beras-cukup-untuk-ramadan-pemerintah-fokus-distribusi-1864762','Presiden Pastikan Stok Beras Cukup untuk Ramadan, Pemerintah Fokus Distribusi - Solopos.com | Panduan Informasi dan Inspirasi',NULL,'Solopos.com, JAKARTA – Presiden Joko Widodo (Jokowi) memastikan stok beras nasional cukup untuk menghadapi bulan puasa Ramadan, yang diperkirakan berlangsung pada Maret hingga April 2024.\nPernyataan itu, ia sampaikan di sela-sela acara silaturahim dengan para nasabah Program Membina Ekonomi Keluarga Sejahtera (Mekaar) Binaan Permodalan Nasional Madani (PNM), usai meninjau langsung stok beras di Gudang Bulog, Cibitung, Bekasi, Jawa Barat, pada Jumat (16/2/2024).\r\n                                                                                            \nPromosi\r\n                                    Tokopedia Jadi e-Commerce Terbaik, Raih Penghargaan BI Awards 2023\r\n                                \r\n                                \n“Ya kalau stok nggak ada masalah, tadi kita lihat sendiri stoknya melimpah seperti itu,” ujar Jokowi seperti dilansir Antaranews.\nMenurut Presiden, yang menjadi perhatian pemerintah saat ini adalah bagaimana mendistribusikan beras dengan baik dan merata ke pasar, hingga sampai ke tangan masyarakat.\r\n                            \n“Yang paling penting memang bagaimana mendistribusikan secara baik dan sampai ke pasar, sampai ke masyarakat, sampai ke supermarket semuanya bisa tersedia. Itu bukan barang [perkara] mudah ya,” tuturnya.\nMeskipun demikian, Jokowi menyebut upaya menyiapkan stok dan distribusi beras terutama menjelang Ramadan dan Idulfitri, adalah rutinitas yang telah dikerjakan pemerintah setiap tahun—sehingga tidak akan menjadi masalah serius.\nDia pun menegaskan bahwa pemerintah akan menyiapkan stok untuk berbagai jenis beras, mulai dari medium hingga premium. “Ya semua stok kita siapkan,” ujar dia.\nSebelumnya, Presiden menanggapi isu kenaikan harga beras yang disebutnya karena produksi panen beras dari daerah belum masuk ke Pasar Induk Beras Cipinang.\nSelain itu, kenaikan harga beras juga disebabkan distribusi yang terganggu, salah satunya dipengaruhi banjir rob yang melanda kabupaten Demak dan Grobogan di Jawa Tengah.\r\n                            \nBerdasarkan situs resmi Pasar Induk Beras Cipinang, stok beras per 15 Februari 2024 mencapai 33.525 ton dengan harga rata-rata Rp13.815 per kilogram. Sementara itu, Perum Bulog mencatat saat ini stok beras mencapai 1,18 juta ton yang dipastikan aman untuk memenuhi kebutuhan beras nasional hingga April 2024.\nSebelumnya, Badan Pusat Statistik (BPS) menyebutkan nilai impor beras Indonesia pada Januari 2024 mencapai US$279,2 juta atau setara dengan Rp4,36 triliun.\nPlt Kepala BPS Amalia A Widyasanti mengatakan, nilai impor beras Indonesia ini naik sebesar 135,1 persen dibandingkan dengan Januari 2023 yang mencapai US$118,7 juta.\n“Impor beras pada Januari 2024 senilai 279,2 juta dolar AS,” ujar Amalia di Jakarta, Kamis (15/2/2024) seperti dilansir Antaranews.\nNamun demikian, Amalia menyebut, nilai impor ini jika dilihat secara bulanan turun sebesar 16,73 persen. Impor beras Indonesia masih didominasi dari Thailand yakni sebesar US$153 juta, disusul dengan Pakistan sebesar US$79,3 juta, dan Myanmar sebesar US$23,98 juta.\r\n                            \nMenurut Amalia, beras yang diimpor ini tidak langsung di lepas ke pasar, tetapi mengikuti kebijakan yang dibuat oleh Pemerintah. Oleh karena itu, pola impor beras tidak bisa diketahui secara pasti.\nSebelumnya Menteri Koordinator Bidang Perekonomian Airlangga Hartarto mengatakan pemerintah memutuskan untuk mengimpor 1,6 juta ton beras untuk memenuhi kebutuhan domestik akibat mundurnya masa panen selama dua bulan.\nSelain merealisasikan impor, ia menyatakan pemerintah juga meningkatkan distribusi beras Stabilisasi Pasokan dan Harga Pangan (SPHP) dari 150.000 ton menjadi 250.000 ton untuk memenuhi kebutuhan masyarakat.\nUntuk mempermudah distribusi, ia menuturkan bahwa paket beras SPHP dapat dikemas ulang dengan berat yang disesuaikan.\n“Biasanya kan SPHP kiloannya 5 kilogram. Jadi, untuk beberapa wilayah silakan didistribusi dalam kiloan yang lebih besar dan di lapangan diberi kesempatan untuk melakukan pengemasan ulang dari 50 kilo atau 25 kilo menjadi 5 kilo,” ucap Airlangga.\n Koran Solopos \n Berita Populer \n                                    Perusahaan :  PT. Aksara Solopos\r\n                                \n                                     Alamat:  Jl. Adisucipto 190 Solo\r\n                                \n                                     Email :  redaksi@solopos.co.id\r\n                                \n                                     Telp :  (+62) 0271 724 811\r\n                                \n                                    Jl. Adisucipto 190 Solo, Jawa Tengah\r\n                                \nDengan berlangganan, anda menyetujui Kebijakan Privasi Solopos.com\n© 2007-2024, Solopos Digital Media - Panduan Informasi & Inspirasi. All rights reserved.',1,'2024-02-20 02:32:35'),(38,1,103,'https://bisnis.solopos.com/presiden-pastikan-stok-beras-cukup-untuk-ramadan-pemerintah-fokus-distribusi-1864762','Presiden Pastikan Stok Beras Cukup untuk Ramadan, Pemerintah Fokus Distribusi - Solopos.com | Panduan Informasi dan Inspirasi',NULL,'Solopos.com, JAKARTA – Presiden Joko Widodo (Jokowi) memastikan stok beras nasional cukup untuk menghadapi bulan puasa Ramadan, yang diperkirakan berlangsung pada Maret hingga April 2024.\nPernyataan itu, ia sampaikan di sela-sela acara silaturahim dengan para nasabah Program Membina Ekonomi Keluarga Sejahtera (Mekaar) Binaan Permodalan Nasional Madani (PNM), usai meninjau langsung stok beras di Gudang Bulog, Cibitung, Bekasi, Jawa Barat, pada Jumat (16/2/2024).\r\n                                                                                            \nPromosi\r\n                                    Tokopedia Jadi e-Commerce Terbaik, Raih Penghargaan BI Awards 2023\r\n                                \r\n                                \n“Ya kalau stok nggak ada masalah, tadi kita lihat sendiri stoknya melimpah seperti itu,” ujar Jokowi seperti dilansir Antaranews.\nMenurut Presiden, yang menjadi perhatian pemerintah saat ini adalah bagaimana mendistribusikan beras dengan baik dan merata ke pasar, hingga sampai ke tangan masyarakat.\r\n                            \n“Yang paling penting memang bagaimana mendistribusikan secara baik dan sampai ke pasar, sampai ke masyarakat, sampai ke supermarket semuanya bisa tersedia. Itu bukan barang [perkara] mudah ya,” tuturnya.\nMeskipun demikian, Jokowi menyebut upaya menyiapkan stok dan distribusi beras terutama menjelang Ramadan dan Idulfitri, adalah rutinitas yang telah dikerjakan pemerintah setiap tahun—sehingga tidak akan menjadi masalah serius.\nDia pun menegaskan bahwa pemerintah akan menyiapkan stok untuk berbagai jenis beras, mulai dari medium hingga premium. “Ya semua stok kita siapkan,” ujar dia.\nSebelumnya, Presiden menanggapi isu kenaikan harga beras yang disebutnya karena produksi panen beras dari daerah belum masuk ke Pasar Induk Beras Cipinang.\nSelain itu, kenaikan harga beras juga disebabkan distribusi yang terganggu, salah satunya dipengaruhi banjir rob yang melanda kabupaten Demak dan Grobogan di Jawa Tengah.\r\n                            \nBerdasarkan situs resmi Pasar Induk Beras Cipinang, stok beras per 15 Februari 2024 mencapai 33.525 ton dengan harga rata-rata Rp13.815 per kilogram. Sementara itu, Perum Bulog mencatat saat ini stok beras mencapai 1,18 juta ton yang dipastikan aman untuk memenuhi kebutuhan beras nasional hingga April 2024.\nSebelumnya, Badan Pusat Statistik (BPS) menyebutkan nilai impor beras Indonesia pada Januari 2024 mencapai US$279,2 juta atau setara dengan Rp4,36 triliun.\nPlt Kepala BPS Amalia A Widyasanti mengatakan, nilai impor beras Indonesia ini naik sebesar 135,1 persen dibandingkan dengan Januari 2023 yang mencapai US$118,7 juta.\n“Impor beras pada Januari 2024 senilai 279,2 juta dolar AS,” ujar Amalia di Jakarta, Kamis (15/2/2024) seperti dilansir Antaranews.\nNamun demikian, Amalia menyebut, nilai impor ini jika dilihat secara bulanan turun sebesar 16,73 persen. Impor beras Indonesia masih didominasi dari Thailand yakni sebesar US$153 juta, disusul dengan Pakistan sebesar US$79,3 juta, dan Myanmar sebesar US$23,98 juta.\r\n                            \nMenurut Amalia, beras yang diimpor ini tidak langsung di lepas ke pasar, tetapi mengikuti kebijakan yang dibuat oleh Pemerintah. Oleh karena itu, pola impor beras tidak bisa diketahui secara pasti.\nSebelumnya Menteri Koordinator Bidang Perekonomian Airlangga Hartarto mengatakan pemerintah memutuskan untuk mengimpor 1,6 juta ton beras untuk memenuhi kebutuhan domestik akibat mundurnya masa panen selama dua bulan.\nSelain merealisasikan impor, ia menyatakan pemerintah juga meningkatkan distribusi beras Stabilisasi Pasokan dan Harga Pangan (SPHP) dari 150.000 ton menjadi 250.000 ton untuk memenuhi kebutuhan masyarakat.\nUntuk mempermudah distribusi, ia menuturkan bahwa paket beras SPHP dapat dikemas ulang dengan berat yang disesuaikan.\n“Biasanya kan SPHP kiloannya 5 kilogram. Jadi, untuk beberapa wilayah silakan didistribusi dalam kiloan yang lebih besar dan di lapangan diberi kesempatan untuk melakukan pengemasan ulang dari 50 kilo atau 25 kilo menjadi 5 kilo,” ucap Airlangga.\n Koran Solopos \n Berita Populer \n                                    Perusahaan :  PT. Aksara Solopos\r\n                                \n                                     Alamat:  Jl. Adisucipto 190 Solo\r\n                                \n                                     Email :  redaksi@solopos.co.id\r\n                                \n                                     Telp :  (+62) 0271 724 811\r\n                                \n                                    Jl. Adisucipto 190 Solo, Jawa Tengah\r\n                                \nDengan berlangganan, anda menyetujui Kebijakan Privasi Solopos.com\n© 2007-2024, Solopos Digital Media - Panduan Informasi & Inspirasi. All rights reserved.',1,'2024-02-20 02:32:44'),(39,1,104,'https://news.detik.com/berita/d-7201484/korupsi-izin-tambang-di-babel-timbulkan-kerugian-lingkungan-rp-271-t','Korupsi Izin Tambang di Babel Timbulkan Kerugian Lingkungan Rp 271 T',NULL,'Kejaksaan Agung (Kejagung) mengusut kasus korupsi tata niaga komoditas timah wilayah Izin Usaha Pertambangan (IUP) PT Timah Tbk tahun 2015-2022. Diketahui kasus tersebut juga turut menyebabkan kerugian lingkungan.\nAhli lingkungan dari Institut Pertanian Bogor (IPB), Bambang Hero Saharjo, memaparkan setidaknya terdapat kerugian kerusakan hutan di Bangka Belitung (Babel) akibat kasus ini mencapai Rp 271.069.688.018.700 atau Rp 271 triliun.\n\"Totalnya kerugian itu yang harus juga ditanggung negara adalah 271.069.687.018.700,\" kata Bambang dalam jumpa pers di Kejagung, Jakarta Selatan, Senin (19/2/2024).\nADVERTISEMENT\r\n\nSCROLL TO CONTINUE WITH CONTENT\r\n\nJumlah itu, kata Bambang, adalah perhitungan kerugian kerusakan lingkungan dalam kawasan hutan dan nonkawasan hutan. Dia merinci perhitungan kerugian dalam kawasan hutan dan nonkawasan hutan.\n\"Di kawasan hutan sendiri kerugian lingkungan ekologisnya itu Rp 157,83 T, ekonomi lingkungannya Rp 60,276 T, pemulihannya itu Rp 5,257 T. Totalnya saja untuk yang di kawasan hutan itu adalah 223.366.246.027.050,\" rincinya.\n\"Dan kemudian yang non kawasan hutan biaya kerugian ekologisnya Rp 25,87 Triliun dan kerugian ekonomi lingkungannya Rp 15,2 T dan biaya pemulihan lingkungan itu adalah Rp 6,629 T. Jadi total untuk untuk yang nonkawasan hutan APL adalah 47,703 triliun,\" tambahnya.\nLebih jauh, Bambang mendata total luas galian terkait kasus PT Timah Tbk di Bangka Belitung sekitar 170.363.064 hektar. Namun, luas galian yang memiliki izin usaha tambang atau IUP hanya 88.900,462 hektare.\n\"Dan dari luasan yang 170 ribu (hektare) ini ternyata yang memiliki IUP itu hanya 88.900,661 hektare, dan yang non-IUP itu 81.462,602 hektare,\" ujar dia.\nAdapun perhitungan itu, lanjutnya, dilakukan merujuk Peraturan Menteri Lingkungan Hidup (Permen LH) Nomor 7 Tahun 2014 tentang Kerugian Lingkungan Hidup Akibat Pencemaran Dan/atau Kerusakan Lingkungan Hidup.\n\"Kami menghitung berdasarkan permen LH Nomor 7 Tahun 2014,\" ujar Bambang.\nPada kesempatan yang sama, Direktur Penyidikan Jaksa Agung Muda Bidang Tindak Pidana Khusus (Dirdik Jampidsus) Kejagung, Kuntadi, mengatakan angka kerugian kerusakan lingkungan hidup ini berbeda dengan kerugian keuangan negara. Dia menuturkan jumlah kerugian negara dalam kasus ini masih dihitung.\n\"Kerugian ini masih akan kita tambah dengan kerugian keuangan negara yang sampai saat ini masih berproses. Berapa hasilnya masih kita tunggu,\" kata Kuntadi.\nDiketahui, total sudah ada 11 tersangka kasus korupsi yang ditahan dalam kasus ini. Satu tersangka terkait dugaan perintangan penyidikan atau obstruction of justice. Berikut rinciannya:\n1. SG alias AW selaku Pengusaha Tambang di Kota Pangkalpinang, Provinsi Kepulauan Bangka Belitung2. MBG selaku Pengusaha Tambang di Kota Pangkalpinang, Provinsi Kepulauan Bangka Belitung3. HT alias ASN selaku Direktur Utama CV VIP (perusahaan milik Tersangka TN alias AN)4. MRPT alias RZ selaku Direktur Utama PT Timah Tbk tahun 2016-2021.5. EE alias EML selaku Direktur Keuangan PT Timah Tbk tahun 2017-2018.6. BY selaku Mantan Komisaris CV VIP7. RI selaku Direktur Utama PT SBS8. TN selaku beneficial ownership CV VIP dan PT MCN9. AA selaku Manajer Operasional tambang CV VIP10. TT, Tersangka perintangan penyidikan perkara11. RL, General Manager PT TIN',1,'2024-02-20 02:32:49'),(40,1,105,'https://aceh.tribunnews.com/2023/06/27/pria-ini-bunuh-wanita-teman-kencan-di-karanganyar-pelaku-dibantu-pacar-buang-jasad-korban','Pria Ini Bunuh Wanita Teman Kencan di Karanganyar, Pelaku Dibantu Pacar Buang Jasad Korban - Serambinews.com',NULL,'SERAMBINEWS.COM - Wanita asal Colomadu, Karanganyar berinisial YSA (22) yang ditemukan tewas berselimut daun pisang di Sragen ternyata dibunuh oleh teman kencannya.\nKapolres Sragen AKBP Piter Yanottama mengatakan korban berkenalan dengan pelaku yang berinisial AT (23) dari aplikasi kencan.\nKorban diketahui baru mengenal pelaku selama tiga minggu.\nMereka juga sempat bertemu sebelumnya sebanyak 1 kali.\nPada pertemuan keduanya, YSA ternyata justru dibunuh oleh AT.\n\"Sempat bertemu sekali, hingga kedua kalinya korban dibunuh,\" ujar Piter Yanottama, kepada TribunSolo.com, Selasa (27/6/2023).\nPelaku Ingin Setubuhi YSA\nAwal mula dari pembunuhan itu adalah pelaku AT (23) asal Sumatra Selatan ingin mengajak YSA untuk berhubungan badan. \nModusnya, dia mengajak YSA datang ke rumahnya di kawasan Ngemplak, Boyolali. \nDi rumah tersebut, dia meminta YSA untuk membeli es teh. \nSaat YSA pergi membeli es teh, AT menyiapkan lima jenis obat.\nBegitu kembali, AT meminta YSA untuk membeli es teh lagi.\n\"Sementara YSA pergi membeli es teh yang kedua itu, AT mencampurkan obat racikannya ke es teh yang dibeli pertama,\" kata Kapolres Sragen, AKBP Piter Yanottama. \nSetelah kembali ke rumah, YSA diberi es teh yang sudah dicampur obat, hasilnya korban malah lemas dan pucat. ',1,'2024-02-20 02:33:37'),(42,3,107,'https://solo.tribunnews.com/2024/02/20/sosok-rinto-subekti-caleg-dpr-ri-asal-karanganyar-raih-suara-terbanyak-kedua-di-dapil-jateng-iv','Sosok Rinto Subekti, Caleg DPR RI Asal Karanganyar, Raih Suara Terbanyak Kedua di Dapil Jateng IV  - Tribunsolo.com',NULL,'Laporan Wartawan TribunSolo.com, Mardon Widiyanto\nTRIBUNSOLO.COM, KARANGANYAR - Calon Legislatif (Caleg) DPR RI dari daerah pemilihan (Dapil) Jateng IV dari Partai Demokrat, Rinto Subekti memperoleh suara terbanyak kedua setelah Dolfie OFP.\nHingga Selasa (20/2/2024) pukul 09.30 WIB, Rinto mendapat suara  80.185. \nIni di bawah Caleg DPR RI Dolfie OFP dari PDIP yang mendapat suara 83.506. \nKetua DPC Partai Demokrat Tri Haryadi mengatakan, Rinto Subekti berdomisili di Tawangmangu, Karanganyar.\n\"Alamat rumah di KTP beliau dari Dusun Beji, Tawangmangu, Karanganyar,\" ucap Tri Haryadi, Senin (19/2/2024).\nTri Haryadi mengatakan, Rinto Subekti memiliki latar belakang keluarga pengusaha di Jakarta.\nBahkan, orang tua Rinto Subekti, yang bernama almarhum Suparmin memiliki usaha hotel di Solo Raya.\n\"Rinto juga seorang wiraswasta dan cukup dikenal baik oleh masyarakat Karanganyar, dan Wonogiri,\" ucap Tri Haryadi.\nIa mengatakan, Rinto pernah tinggal di Kabupaten Wonogiri.\n Baca juga: Capres Ganjar Dorong Gulirkan Hak Angket ke DPR RI dan Ajak Koalisi Anies Usut Kecurangan Pilpres\nDia menuturkan, Rinto memiliki keluarga di Kabupaten Wonogiri itu.\n\"Selain itu, Rinto juga memiliki pengalaman menjadi anggota DPR RI selama dua periode yaitu periode 2009-2014 dan 2014-2019,\" kata Tri Haryadi.\nIa mengatakan, Rinto pernah menjabat sebagai ketua DPC Partai Demokrat Karanganyar pada tahun 2006-2011 dan 2011-2016.\nPada saat tahun 2009, Rinto mencalonkan diri sebagai Caleg DPR RI dapil Jateng IV dan langsung terpilih sebagai anggota di Pileg tersebut. \n\"Kenapa bisa kenal Wonogiri dan Sragen karena pernah menjabat anggota DPR RI selama dua periode. Sehingga dia juga sudah memahami peta masyarakat di Wonogiri,\" ungkap dia.\nMenurutnya, pada pemilu 2024, Rinto memperoleh suara cukup tinggi karena usaha dan kerja kerasnya secara masif.\nSelama kampanye, pergerakan Rinto juga masif, melakukan pertemuan -pertemuan desa-desa di tiga kabupaten.\n\"Kalau selama menjabat dua periode, 2009-2019 menurut saya dan pengamatan beberapa orang, anggota DPR RI yang berasal dari dapil IV itu hanya pak Rinto yang sering turun ke bawah,\" ucap dia.\n\"Atas pengalaman itu, dia mulai menata jaringan yang lebih baik lagi, dan 2024, all out dan menata jaringan dan bekerjasama secara kolektif kolegial, Solid bersama  para caleg kabupaten maupun provinsi dan struktur partai dan alhamdulillah beliau dapat suara  yang signifikan, yang saya dengar dapil 4 masih yang tertinggi,\" ungkap dia. (*)',1,'2024-02-20 04:03:24'),(43,3,108,'https://solo.tribunnews.com/2024/02/20/sosok-rinto-subekti-caleg-dpr-ri-asal-karanganyar-raih-suara-terbanyak-kedua-di-dapil-jateng-iv','Sosok Rinto Subekti, Caleg DPR RI Asal Karanganyar, Raih Suara Terbanyak Kedua di Dapil Jateng IV  - Tribunsolo.com',NULL,'Laporan Wartawan TribunSolo.com, Mardon Widiyanto\nTRIBUNSOLO.COM, KARANGANYAR - Calon Legislatif (Caleg) DPR RI dari daerah pemilihan (Dapil) Jateng IV dari Partai Demokrat, Rinto Subekti memperoleh suara terbanyak kedua setelah Dolfie OFP.\nHingga Selasa (20/2/2024) pukul 09.30 WIB, Rinto mendapat suara  80.185. \nIni di bawah Caleg DPR RI Dolfie OFP dari PDIP yang mendapat suara 83.506. \nKetua DPC Partai Demokrat Tri Haryadi mengatakan, Rinto Subekti berdomisili di Tawangmangu, Karanganyar.\n\"Alamat rumah di KTP beliau dari Dusun Beji, Tawangmangu, Karanganyar,\" ucap Tri Haryadi, Senin (19/2/2024).\nTri Haryadi mengatakan, Rinto Subekti memiliki latar belakang keluarga pengusaha di Jakarta.\nBahkan, orang tua Rinto Subekti, yang bernama almarhum Suparmin memiliki usaha hotel di Solo Raya.\n\"Rinto juga seorang wiraswasta dan cukup dikenal baik oleh masyarakat Karanganyar, dan Wonogiri,\" ucap Tri Haryadi.\nIa mengatakan, Rinto pernah tinggal di Kabupaten Wonogiri.\n Baca juga: Capres Ganjar Dorong Gulirkan Hak Angket ke DPR RI dan Ajak Koalisi Anies Usut Kecurangan Pilpres\nDia menuturkan, Rinto memiliki keluarga di Kabupaten Wonogiri itu.\n\"Selain itu, Rinto juga memiliki pengalaman menjadi anggota DPR RI selama dua periode yaitu periode 2009-2014 dan 2014-2019,\" kata Tri Haryadi.\nIa mengatakan, Rinto pernah menjabat sebagai ketua DPC Partai Demokrat Karanganyar pada tahun 2006-2011 dan 2011-2016.\nPada saat tahun 2009, Rinto mencalonkan diri sebagai Caleg DPR RI dapil Jateng IV dan langsung terpilih sebagai anggota di Pileg tersebut. \n\"Kenapa bisa kenal Wonogiri dan Sragen karena pernah menjabat anggota DPR RI selama dua periode. Sehingga dia juga sudah memahami peta masyarakat di Wonogiri,\" ungkap dia.\nMenurutnya, pada pemilu 2024, Rinto memperoleh suara cukup tinggi karena usaha dan kerja kerasnya secara masif.\nSelama kampanye, pergerakan Rinto juga masif, melakukan pertemuan -pertemuan desa-desa di tiga kabupaten.\n\"Kalau selama menjabat dua periode, 2009-2019 menurut saya dan pengamatan beberapa orang, anggota DPR RI yang berasal dari dapil IV itu hanya pak Rinto yang sering turun ke bawah,\" ucap dia.\n\"Atas pengalaman itu, dia mulai menata jaringan yang lebih baik lagi, dan 2024, all out dan menata jaringan dan bekerjasama secara kolektif kolegial, Solid bersama  para caleg kabupaten maupun provinsi dan struktur partai dan alhamdulillah beliau dapat suara  yang signifikan, yang saya dengar dapil 4 masih yang tertinggi,\" ungkap dia. (*)',0,'2024-02-20 07:08:46'),(45,1,112,'https://solo.tribunnews.com/2024/02/20/sosok-rinto-subekti-caleg-dpr-ri-asal-karanganyar-raih-suara-terbanyak-kedua-di-dapil-jateng-iv','Sosok Rinto Subekti, Caleg DPR RI Asal Karanganyar, Raih Suara Terbanyak Kedua di Dapil Jateng IV  - Tribunsolo.com',NULL,'Laporan Wartawan TribunSolo.com, Mardon Widiyanto\nTRIBUNSOLO.COM, KARANGANYAR - Calon Legislatif (Caleg) DPR RI dari daerah pemilihan (Dapil) Jateng IV dari Partai Demokrat, Rinto Subekti memperoleh suara terbanyak kedua setelah Dolfie OFP.\nHingga Selasa (20/2/2024) pukul 09.30 WIB, Rinto mendapat suara  80.185. \nIni di bawah Caleg DPR RI Dolfie OFP dari PDIP yang mendapat suara 83.506. \nKetua DPC Partai Demokrat Tri Haryadi mengatakan, Rinto Subekti berdomisili di Tawangmangu, Karanganyar.\n\"Alamat rumah di KTP beliau dari Dusun Beji, Tawangmangu, Karanganyar,\" ucap Tri Haryadi, Senin (19/2/2024).\nTri Haryadi mengatakan, Rinto Subekti memiliki latar belakang keluarga pengusaha di Jakarta.\nBahkan, orang tua Rinto Subekti, yang bernama almarhum Suparmin memiliki usaha hotel di Solo Raya.\n\"Rinto juga seorang wiraswasta dan cukup dikenal baik oleh masyarakat Karanganyar, dan Wonogiri,\" ucap Tri Haryadi.\nIa mengatakan, Rinto pernah tinggal di Kabupaten Wonogiri.\n Baca juga: Capres Ganjar Dorong Gulirkan Hak Angket ke DPR RI dan Ajak Koalisi Anies Usut Kecurangan Pilpres\nDia menuturkan, Rinto memiliki keluarga di Kabupaten Wonogiri itu.\n\"Selain itu, Rinto juga memiliki pengalaman menjadi anggota DPR RI selama dua periode yaitu periode 2009-2014 dan 2014-2019,\" kata Tri Haryadi.\nIa mengatakan, Rinto pernah menjabat sebagai ketua DPC Partai Demokrat Karanganyar pada tahun 2006-2011 dan 2011-2016.\nPada saat tahun 2009, Rinto mencalonkan diri sebagai Caleg DPR RI dapil Jateng IV dan langsung terpilih sebagai anggota di Pileg tersebut. \n\"Kenapa bisa kenal Wonogiri dan Sragen karena pernah menjabat anggota DPR RI selama dua periode. Sehingga dia juga sudah memahami peta masyarakat di Wonogiri,\" ungkap dia.\nMenurutnya, pada pemilu 2024, Rinto memperoleh suara cukup tinggi karena usaha dan kerja kerasnya secara masif.\nSelama kampanye, pergerakan Rinto juga masif, melakukan pertemuan -pertemuan desa-desa di tiga kabupaten.\n\"Kalau selama menjabat dua periode, 2009-2019 menurut saya dan pengamatan beberapa orang, anggota DPR RI yang berasal dari dapil IV itu hanya pak Rinto yang sering turun ke bawah,\" ucap dia.\n\"Atas pengalaman itu, dia mulai menata jaringan yang lebih baik lagi, dan 2024, all out dan menata jaringan dan bekerjasama secara kolektif kolegial, Solid bersama  para caleg kabupaten maupun provinsi dan struktur partai dan alhamdulillah beliau dapat suara  yang signifikan, yang saya dengar dapil 4 masih yang tertinggi,\" ungkap dia. (*)',1,'2024-02-20 13:46:02'),(46,3,113,'https://solo.tribunnews.com/2024/02/20/eks-kades-gedongan-karanganyar-ditetapkan-tersangka-korupsi-salah-gunakan-fungsi-tanah-bengkok','Eks Kades Gedongan Karanganyar Ditetapkan Tersangka Korupsi, Salah Gunakan Fungsi Tanah Bengkok - Tribunsolo.com',NULL,'Laporan Wartawan TribunSolo.com, Mardon Widiyanto\nTRIBUNSOLO.COM, KARANGANYAR - Mantan Kades Gedongan Tri Wiyono resmi ditetapkan menjadi tersangka atas tindak pidana korupsi oleh Kejaksaan Negeri (Kejari) Karanganyar, Senin (19/2/2024).\nMantan kades tersebut ditetapkan sebagai tersangka karena menyalahgunakan wewenangnya saat menjadi Kades Gedongan.\nKasi Pidana Khusus (Pidsus) Kejari Karanganyar Sutanto membenarkan kabar tersebut.\n\"Mantan kades Gedongan, resmi kami tetapkan menjadi tersangka atas kasus tindak pidana korupsi,\" kata Sutanto, Senin (29/2/2024).\nSutanto mengatakan, mantan Kades Gedongan ini akan dijerat dengan pasal 2 dan 3 Undang-undang No. 31 Tahun 1999 sebagaimana diubah dengan Undang-undang No. 20 Tahun 2001, tentang Tindak Pidana Korupsi (Tipikor).\n Baca juga: Pj Kades Gedongan Meninggal Saat Senam Bareng Warga, Sempat Dirujuk ke RSUD dr Karyadi Semarang\nSebagai informasi, Pasal 2 ayat (1) UU Tipikor menyebutkan setiap orang yang secara melawan hukum melakukan perbuatan memperkaya  diri sendiri atau orang lain atau suatu korporasi yang dapat merugikan keuangan negara atau perekonomian negara dipidana dengan pidana penjara  minimal 4 tahun dan maksimal 20 tahun dan denda paling sedikit 200 juta rupiah  dan paling banyak 1 miliar rupiah.\nLebih lanjut, Pasal 3 menyebutkan setiap orang yang dengan tujuan menguntungkan diri sendiri atau  orang lain atau suatu korporasi, menyalahgunakan kewenangan, kesempatan atau sarana yang ada padanya karena jabatan atau karena kedudukan yang dapat merugikan keuangan negara atau perekonomian negara dipidana seumur hidup, atau pidana penjara paling singkat 1 tahun dan paling lama 20 tahun dan atau denda paling sedikit  50 juta rupiah dan maksimal 1 miliar.\n\"Mantan Kades Gedongan menyalagunakan lahan bengkok untuk mendirikan bangunan, salah satunya berdirinya kafe black orion,\" ucap dia. (*)',1,'2024-02-20 13:47:45'),(47,2,114,'https://soloraya.solopos.com/cek-jadwal-dan-lokasi-samsat-keliling-karanganyar-hari-ini-21-februari-2024-1867658','Cek Jadwal dan Lokasi Samsat Keliling Karanganyar Hari Ini 21 Februari 2024 - Solopos.com | Panduan Informasi dan Inspirasi','0000-00-00','Solopos.com, KARANGANYAR — Untuk mendorong pendapatan daerah serta memudahkan masyarakat membayar pajak kendaraan bermotor, UPPD/Samsat Karanganyar mengadakan layanan keliling di sejumlah daerah.\nBerikut ini informasi jadwal Samsat Keliling Karanganyar hari ini, Rabu (21/2/2024), yang dikutip Solopos.com dari akun Instagram @samsat_karanganyar:\r\n                                                                                            \nAnda juga bisa membayar pajak kendaraan bermotor di Kantor Samsat yang beralamat di Jl. Lawu No. 389 Kelurahan Cangakan, Kecamatan Karanganyar, Kabupaten Karanganyar dengan nomor telepon 0271-495186. Atau anda bisa mengaksesnya secara online di bapenda.jatengprov.go.id.\r\n                            \nDemikian informasi jadwal Samsat Keliling Karanganyar hari ini, semoga bermanfaat.',1,'2024-02-21 02:19:20'),(48,1,115,'https://soloraya.solopos.com/cek-jadwal-dan-lokasi-samsat-keliling-karanganyar-hari-ini-21-februari-2024-1867658','Cek Jadwal dan Lokasi Samsat Keliling Karanganyar Hari Ini 21 Februari 2024 - Solopos.com | Panduan Informasi dan Inspirasi','0000-00-00','Solopos.com, KARANGANYAR — Untuk mendorong pendapatan daerah serta memudahkan masyarakat membayar pajak kendaraan bermotor, UPPD/Samsat Karanganyar mengadakan layanan keliling di sejumlah daerah.\nBerikut ini informasi jadwal Samsat Keliling Karanganyar hari ini, Rabu (21/2/2024), yang dikutip Solopos.com dari akun Instagram @samsat_karanganyar:\r\n                                                                                            \nPromosi\r\n                                    Tokopedia Jadi e-Commerce Terbaik, Raih Penghargaan BI Awards 2023\r\n                                \r\n                                \nAnda juga bisa membayar pajak kendaraan bermotor di Kantor Samsat yang beralamat di Jl. Lawu No. 389 Kelurahan Cangakan, Kecamatan Karanganyar, Kabupaten Karanganyar dengan nomor telepon 0271-495186. Atau anda bisa mengaksesnya secara online di bapenda.jatengprov.go.id.\r\n                            \nDemikian informasi jadwal Samsat Keliling Karanganyar hari ini, semoga bermanfaat.\n Koran Solopos \n Berita Populer \n                                    Perusahaan :  PT. Aksara Solopos\r\n                                \n                                     Alamat:  Jl. Adisucipto 190 Solo\r\n                                \n                                     Email :  redaksi@solopos.co.id\r\n                                \n                                     Telp :  (+62) 0271 724 811\r\n                                \n                                    Jl. Adisucipto 190 Solo, Jawa Tengah\r\n                                \nDengan berlangganan, anda menyetujui Kebijakan Privasi Solopos.com\n© 2007-2024, Solopos Digital Media - Panduan Informasi & Inspirasi. All rights reserved.',0,'2024-02-21 03:11:00'),(49,1,116,'https://soloraya.solopos.com/cek-jadwal-dan-lokasi-samsat-keliling-karanganyar-hari-ini-21-februari-2024-1867658','Cek Jadwal dan Lokasi Samsat Keliling Karanganyar Hari Ini 21 Februari 2024 - Solopos.com | Panduan Informasi dan Inspirasi','0000-00-00','Solopos.com, KARANGANYAR — Untuk mendorong pendapatan daerah serta memudahkan masyarakat membayar pajak kendaraan bermotor, UPPD/Samsat Karanganyar mengadakan layanan keliling di sejumlah daerah.\nBerikut ini informasi jadwal Samsat Keliling Karanganyar hari ini, Rabu (21/2/2024), yang dikutip Solopos.com dari akun Instagram @samsat_karanganyar:\r\n                                                                                            \nPromosi\r\n                                    Tokopedia Jadi e-Commerce Terbaik, Raih Penghargaan BI Awards 2023\r\n                                \r\n                                \nAnda juga bisa membayar pajak kendaraan bermotor di Kantor Samsat yang beralamat di Jl. Lawu No. 389 Kelurahan Cangakan, Kecamatan Karanganyar, Kabupaten Karanganyar dengan nomor telepon 0271-495186. Atau anda bisa mengaksesnya secara online di bapenda.jatengprov.go.id.\r\n                            \nDemikian informasi jadwal Samsat Keliling Karanganyar hari ini, semoga bermanfaat.\n Koran Solopos \n Berita Populer \n                                    Perusahaan :  PT. Aksara Solopos\r\n                                \n                                     Alamat:  Jl. Adisucipto 190 Solo\r\n                                \n                                     Email :  redaksi@solopos.co.id\r\n                                \n                                     Telp :  (+62) 0271 724 811\r\n                                \n                                    Jl. Adisucipto 190 Solo, Jawa Tengah\r\n                                \nDengan berlangganan, anda menyetujui Kebijakan Privasi Solopos.com\n© 2007-2024, Solopos Digital Media - Panduan Informasi & Inspirasi. All rights reserved.',1,'2024-02-21 02:30:52'),(50,2,117,'https://soloraya.solopos.com/cek-jadwal-dan-lokasi-samsat-keliling-karanganyar-hari-ini-21-februari-2024-1867658','Cek Jadwal dan Lokasi Samsat Keliling Karanganyar Hari Ini 21 Februari 2024 - Solopos.com | Panduan Informasi dan Inspirasi','2024-02-08','Solopos.com, KARANGANYAR — Untuk mendorong pendapatan daerah serta memudahkan masyarakat membayar pajak kendaraan bermotor, UPPD/Samsat Karanganyar mengadakan layanan keliling di sejumlah daerah.\nBerikut ini informasi jadwal Samsat Keliling Karanganyar hari ini, Rabu (21/2/2024), yang dikutip Solopos.com dari akun Instagram @samsat_karanganyar:\r\n                                                                                            \nPromosi\r\n                                    Tokopedia Jadi e-Commerce Terbaik, Raih Penghargaan BI Awards 2023\r\n                                \r\n                                \nAnda juga bisa membayar pajak kendaraan bermotor di Kantor Samsat yang beralamat di Jl. Lawu No. 389 Kelurahan Cangakan, Kecamatan Karanganyar, Kabupaten Karanganyar dengan nomor telepon 0271-495186. Atau anda bisa mengaksesnya secara online di bapenda.jatengprov.go.id.\r\n                            \nDemikian informasi jadwal Samsat Keliling Karanganyar hari ini, semoga bermanfaat.\n Koran Solopos \n Berita Populer \n                                    Perusahaan :  PT. Aksara Solopos\r\n                                \n                                     Alamat:  Jl. Adisucipto 190 Solo\r\n                                \n                                     Email :  redaksi@solopos.co.id\r\n                                \n                                     Telp :  (+62) 0271 724 811\r\n                                \n                                    Jl. Adisucipto 190 Solo, Jawa Tengah\r\n                                \nDengan berlangganan, anda menyetujui Kebijakan Privasi Solopos.com\n© 2007-2024, Solopos Digital Media - Panduan Informasi & Inspirasi. All rights reserved.',1,'2024-02-21 03:11:19'),(51,2,118,'https://soloraya.solopos.com/cek-jadwal-dan-lokasi-samsat-keliling-karanganyar-hari-ini-21-februari-2024-1867658','Cek Jadwal dan Lokasi Samsat Keliling Karanganyar Hari Ini 21 Februari 2024 - Solopos.com | Panduan Informasi dan Inspirasi','2024-02-08','Solopos.com, KARANGANYAR — Untuk mendorong pendapatan daerah serta memudahkan masyarakat membayar pajak kendaraan bermotor, UPPD/Samsat Karanganyar mengadakan layanan keliling di sejumlah daerah.\nBerikut ini informasi jadwal Samsat Keliling Karanganyar hari ini, Rabu (21/2/2024), yang dikutip Solopos.com dari akun Instagram @samsat_karanganyar:\r\n                                                                                            \nPromosi\r\n                                    Tokopedia Jadi e-Commerce Terbaik, Raih Penghargaan BI Awards 2023\r\n                                \r\n                                \nAnda juga bisa membayar pajak kendaraan bermotor di Kantor Samsat yang beralamat di Jl. Lawu No. 389 Kelurahan Cangakan, Kecamatan Karanganyar, Kabupaten Karanganyar dengan nomor telepon 0271-495186. Atau anda bisa mengaksesnya secara online di bapenda.jatengprov.go.id.\r\n                            \nDemikian informasi jadwal Samsat Keliling Karanganyar hari ini, semoga bermanfaat.\n Koran Solopos \n Berita Populer \n                                    Perusahaan :  PT. Aksara Solopos\r\n                                \n                                     Alamat:  Jl. Adisucipto 190 Solo\r\n                                \n                                     Email :  redaksi@solopos.co.id\r\n                                \n                                     Telp :  (+62) 0271 724 811\r\n                                \n                                    Jl. Adisucipto 190 Solo, Jawa Tengah\r\n                                \nDengan berlangganan, anda menyetujui Kebijakan Privasi Solopos.com\n© 2007-2024, Solopos Digital Media - Panduan Informasi & Inspirasi. All rights reserved.',0,'2024-03-16 14:49:28'),(52,2,119,'https://soloraya.solopos.com/konser-pesta-rakyat-gibran-fans-di-karanganyar-meriah-1839814','Konser Pesta Rakyat Gibran Fans di Karanganyar Meriah - Solopos.com | Panduan Informasi dan Inspirasi','2024-01-13','Solopos.com, KARANGANYAR–Konser Pesta Rakyat Ayo Joget Bareng Gibran Fans yang dihelat di lapangan Alun-alun Karanganyar, pecah pada Jumat (12/1/2024) malam.\nSeribuan masyarakat tumplek blek menyaksikan penampilan artis lokal Lala Atila, Difarina Indra, Vivi Violetha, Bakar Musik dan Romansa yang tampil dalam konser musik tersebut.\r\n                                                                                            \nAcara yang bisa disaksikan gratis ini batal dihadiri Ibu Negara Iriana Joko Widodo (Jokowi) yang juga ibunda Gibran Rakabuming Raka, dan Ketua Umum Partai Solidaritas Indonesia (PSI) Kaesang Pangarep. Keduanya tak hadir hingga acara tersebut berakhir pukul 22.00 WIB.\nBerdasarkan pantauan Solopos.com, konser berlangsung sejak pukul 15.00 WIB sampai dengan 22.00 WIB. Di tengah penyelenggaraan, konser sempat dihentikan sejenak mulai pukul 18.00 WIB sampai dengan 19.00 WIB untuk waktu isoma. Penyanyi tampil mulai Jumat malam dan berakhir pada pukul 22.00 WIB.\r\n                            \nKetua Gibran Fans Riadhus Surya Setiabudi mengatakan Pesta Rakyat Ayo Joget Bareng Gibran Fans merupakan inisiasi dari para sukarelawan pendukung Gibran yang mengatasnamakan Gibran Fans.\nKegiatan ini sebagai media menyosialisasikan program kerja dari pasangan calon (paslon) nomor dua, Prabowo Subianto dan Gibran Rakabuming Raka.\nDia menilai antusiasme masyarakat hadir di konser pesta rakyat ini cukup tinggi. Bahkan, sesekali para penonton ikut menyanyikan lagu hingga berjoget. Di pengujung acara, dia mengatakan konser berlangsung tertib dan aman.\nSekretaris Jenderal Gibran Fans, Dicky Derek Loupatty mengatakan konser musik ini merupakan persembahan untuk Ibu Negara Iriana Jokowi. Menurutnya Gibran Fans yang terbentuk pada Oktober 2023, terinspirasi oleh Ibu Iriana.\n“Beliau yang melahirkan serta membesarkan mas Gibran yang saat ini tokoh nasional usia milenial,” katanya.\r\n                            \nDia mengaku tidak mengetahui penyebab Ibu Iriana batal menghadiri acara tersebut. “Kami hanya memberikan undangan saja,” katanya.\nMenurutnya, konser ini merupakan salah satu bentuk memeriahkan pesta demokrasi untuk mendukung pasangan Prabowo-Gibran di kontestasi Pemilu 2024 mendatang.\nPihaknya optimistis dan yakin bahwa apa yang dilakukan saat ini adalah bagian dari kegiatan pesta demokrasi. Saat disinggung target kemengan Prabowo-Gibran, dia mengatakan, relawan Gibran Fans siap ikut andil memenangkan capres dan cawapres nomer 2 dalam 1 putaran dengan capaian suara 50+1 persen.\n“Target kemenangan kita adalah, 50+ 1 persen. Jadi kami dari Gibran Fans, hanya mampu menambahkan presentasi kemenangan, dan kami yakin, satu putaran akan terjadi pada pemilu tanggal 14 Februari 2024,” ujarnya.',1,'2024-02-21 03:10:51'),(53,8,120,'https://jateng.tribunnews.com/2024/02/27/dkk-karanganyar-imbau-masyarakat-gencarkan-psn-ada-peningkatan-kasus-dbd','DKK Karanganyar Imbau Masyarakat Gencarkan PSN, Ada Peningkatan Kasus DBD - Tribunjateng.com','2024-02-27','TRIBUNJATENG.COM, KARANGANYAR - Dinas Kesehatan Kabupaten (DKK) Karanganyar mengimbau masyarakat supaya lebih gencar melakukan pemberantasan sarang nyamuk (PSN) seiring dengan adanya tren peningkatan kasus demam berdarah dengue (DBD). \nKabid Pencegahan dan Pengendalian Penyakit (P2P) DKK Karanganyar, Warsito menyampaikan, tercatat ada 71 kasus DBD di wilayah Kabupaten Karanganyar mulai dari awal tahun hingga saat ini. Dari jumlah tersebut tidak ada kasus kematian karena DBD. Kendati demikian, tren kasus DBD tergolong mengalami kenaikan dibandingkan dengan tahun sebelumnya. \n\"Tahun sebelumnya itu ada 370-an kasus DBD, ini baru dua bulan saja sudah 71 kasus. Bahkan satu minggu saja ada tambahan 17 kasus, jadi kita memang harus waspada,\" katanya saat dihubungi Tribunjateng.com, Selasa (27/2/2024). \nDia menuturkan, sebaran kasus DBD paling banyak terjadi di Kecamatan Jaten. Sedangkan dalam lingkup desa, lanjutnya, sebaran kasus DBD paling banyak di Desa Baturan Kecamatan Colomadu dan Desa Kaliwuluh Kecamatan Kebakkramat. Menurutnya, kawasan tersebut termasuk dalam dataran rendah. Di sisi lain mobilitas penduduknya cukup tinggi dan termasuk pemukiman padat. \n\"Dari segi umur, menyeluruh, tidak hanya anak-anak yang terkena DBD tapi ada dewasa dan orang tua,\" terangnya. \nWarsito menerangkan, faktor cuaca dinilai berpengaruh terhadap tumbuh kembang vektor nyamuk aedes aegypti. Oleh karena itu pihaknya meminta masyarakat lebih giat lagi untuk melakukan PSN khususnya di luar rumah. Dinas telah membuat surat edaran supaya dilakukan gerakan PSN serentak di lingkup kantor dinas, sekolahan dan desa serta kelurahan di wilayah Kabupaten Karanganyar. \n\"Ini kan selain hujan masih ada panas, temperatur suhu sangat mendukung untuk tumbuh kembang jentik nyamuk,\" tuturnya. \nPihaknya menyarankan apabila masyarakat mengalami gejala demam dan panas tinggi supaya segera memeriksakan diri ke pelayanan kesehatan sehingga dapat segera ditangani. Di samping itu pihaknya menyarankan masyarakat tidak berpindah tempat pelayanan kesehatan supaya kondisinya dapat terpantau. (Ais).',1,'2024-02-28 06:27:06'),(54,7,121,'https://www.detik.com/jateng/berita/d-7236882/tenggelam-saat-berenang-seorang-remaja-tewas-tersangkut-di-saringan-air-sungai','Tenggelam Saat Berenang, Seorang Remaja Tewas Tersangkut di Saringan Air Sungai','2024-03-11','Pencarian seorang remaja berinisial BAP (17), Desa Sroyo, Kecamatan Jaten, Kabupaten Karanganyar, yang sempat dilaporkan hilang tenggelam di sungai irigasi Dam Colo Timur, tepatnya di Desa Celep, Kecamatan Jaten, dihentikan.\nKoordinator Basarnas pos SAR Surakarta Arif Sugiarto mengatakan, jasad korban sudah berhasil ditemukan oleh tim SAR Gabungan, yang sebelumnya telah melakukan operasi pencarian. Korban ditemukan pukul 18.00 WIB, setelah hilang hampir 3 jam.\n\"Setelah melakukan asesmen di lokasi, Tim SAR gabungan melakukan penyisiran 3 SRU dengan teknik body rafting, dan SRU Selam, namun hasilnya nihil. Pada pukul 18.00, koban ditemukan di siphon (saringan air),\" kata Arif kepada awak media, Senin (11/3/2024).\nTubuh korban ditemukan dengan jarak 500 meter dari titik awal korban dinyatakan hilang. Namun, nyawa korban tidak terselematkan.\n\"Jaraknya kurang lebih 500 meter. Korban dalam keadaan meninggal dunia,\" ucapnya.\nSelanjutnya, jasad korban dibawa ke rumah duka untuk dilakukan visum, dan diserahkan kepada pihak keluarga.\n\"Dengan ditemukannya korban, maka operasi SAR dinyatakan ditutup dan personel dikembalikan kepada kesatuan masing-masing,\" pungkasnya.\nDiberitakan sebelumnya, korban datang ke sungai untuk mancing bersama empat temannya sekira pukul 15.00 WIB.\nKepala Pelaksana Harian (Kalakhar) BPBD Karanganyar Hendro Prayitno mengatakan, saat tengah memancing, korban tiba-tiba ingin berenang. Teman korban pun mengingatkan untuk tidak mandi.\n\"Korban nekat, dan melompat ke sungai untuk mandi. Korban juga sempat mengatakan ke temannya, kalau terseret air nanti minta ditolong,\" kata Hendro, saat dihubungi detikJateng, Senin (11/3).\nNamun hal yang dikhawatirkan terjadi. Tubuh korban terseret arus air sungai. Teman-teman yang melihat hal itu, mencoba menolong korban.\n\"Dan saat korban loncat di tengah, temannya berusaha menolong. Namun karena kondisi korban yang cukup gemuk sehingga korban tidak tertolong,\" ucapnya.',0,'2024-03-18 09:34:51');
/*!40000 ALTER TABLE `online_posts` ENABLE KEYS */;
UNLOCK TABLES;

--
-- Table structure for table `sources`
--

DROP TABLE IF EXISTS `sources`;
/*!40101 SET @saved_cs_client     = @@character_set_client */;
/*!50503 SET character_set_client = utf8mb4 */;
CREATE TABLE `sources` (
  `id` int(11) NOT NULL AUTO_INCREMENT,
  `name` varchar(255) NOT NULL,
  `description` text NOT NULL,
  `active` int(11) NOT NULL,
  `posting_date` timestamp NOT NULL DEFAULT current_timestamp(),
  `updated_date` timestamp NULL DEFAULT NULL,
  PRIMARY KEY (`id`)
) ENGINE=InnoDB AUTO_INCREMENT=10 DEFAULT CHARSET=utf8mb4 COLLATE=utf8mb4_general_ci;
/*!40101 SET character_set_client = @saved_cs_client */;

--
-- Dumping data for table `sources`
--

LOCK TABLES `sources` WRITE;
/*!40000 ALTER TABLE `sources` DISABLE KEYS */;
INSERT INTO `sources` VALUES (6,'Radar Solo','Radar Solo adalah sebuah surat kabar harian yang terbit di Jawa Tengah, Indonesia. Surat kabar ini termasuk dalam grup Jawa Pos. Kantor pusatnya terletak di kota Solo. Radar Solo saat ini menfokuskan pada 4 bidang unit bidang digeluti.',1,'2024-02-26 01:36:51',NULL),(7,'SoloPos','Solopos.com merupakan bagian dari Solopos Media Group (SMG). Website Solopos.com diluncurkan pada 19 September 2007 bertepatan dengan HUT Ke-10 Harian Solopos. Solopos.com tak hanya menghadirkan kabar seputar Soloraya namun informasi nasional dan global.',1,'2024-02-26 01:37:36',NULL),(8,'Tribun Jateng','Koran Tribun Jateng adalah koran lokal yang berada di bawah naungan PT Indopersda, Kelompok Pers Daerah (Persda) atau Group of Regional Newspaper, salah satu unit bisnis Kelompok Kompas Gramedia (KKG).',1,'2024-02-26 01:38:13',NULL),(9,'Suara  Merdeka','Suara Merdeka merupakan salah satu koran tertua di Indonesia yang lahir di Semarang, pada era pasca kemerdekaan Republik Indonesia. Tepatnya pada tanggal 11 Februari 1950, oleh para pejuang pers yang dipimpin oleh H. Hetami dengan misi awal memperdengarkan suara rakyat yang baru saja merdeka.',1,'2024-02-26 01:41:16',NULL);
/*!40000 ALTER TABLE `sources` ENABLE KEYS */;
UNLOCK TABLES;

--
-- Table structure for table `tbladmin`
--

DROP TABLE IF EXISTS `tbladmin`;
/*!40101 SET @saved_cs_client     = @@character_set_client */;
/*!50503 SET character_set_client = utf8mb4 */;
CREATE TABLE `tbladmin` (
  `id` int(11) NOT NULL AUTO_INCREMENT,
  `AdminUserName` varchar(255) DEFAULT NULL,
  `AdminPassword` varchar(255) DEFAULT NULL,
  `AdminEmailId` varchar(255) DEFAULT NULL,
  `userType` int(11) DEFAULT NULL,
  PRIMARY KEY (`id`),
  KEY `AdminUserName` (`AdminUserName`)
) ENGINE=InnoDB AUTO_INCREMENT=5 DEFAULT CHARSET=latin1 COLLATE=latin1_swedish_ci;
/*!40101 SET character_set_client = @saved_cs_client */;

--
-- Dumping data for table `tbladmin`
--

LOCK TABLES `tbladmin` WRITE;
/*!40000 ALTER TABLE `tbladmin` DISABLE KEYS */;
INSERT INTO `tbladmin` VALUES (1,'admin','f925916e2754e5e03f75dd58a5733251','phpgurukulofficial@gmail.com',1);
/*!40000 ALTER TABLE `tbladmin` ENABLE KEYS */;
UNLOCK TABLES;

--
-- Table structure for table `tblcategory`
--

DROP TABLE IF EXISTS `tblcategory`;
/*!40101 SET @saved_cs_client     = @@character_set_client */;
/*!50503 SET character_set_client = utf8mb4 */;
CREATE TABLE `tblcategory` (
  `id` int(11) NOT NULL AUTO_INCREMENT,
  `CategoryName` varchar(255) CHARACTER SET latin1 COLLATE latin1_swedish_ci DEFAULT NULL,
  `Description` mediumtext CHARACTER SET latin1 COLLATE latin1_swedish_ci DEFAULT NULL,
  `PostingDate` timestamp NULL DEFAULT current_timestamp(),
  `UpdationDate` timestamp NULL DEFAULT NULL ON UPDATE current_timestamp(),
  `Is_Active` int(1) DEFAULT NULL,
  PRIMARY KEY (`id`)
) ENGINE=InnoDB AUTO_INCREMENT=5 DEFAULT CHARSET=utf8mb4 COLLATE=utf8mb4_general_ci;
/*!40101 SET character_set_client = @saved_cs_client */;

--
-- Dumping data for table `tblcategory`
--

LOCK TABLES `tblcategory` WRITE;
/*!40000 ALTER TABLE `tblcategory` DISABLE KEYS */;
INSERT INTO `tblcategory` VALUES (1,'Pendidikan','Berita tentang pendidikan','2024-02-01 02:51:31','2024-02-01 03:51:44',1),(2,'Pariwisata','Berita tentang pariwisata','2024-02-01 02:52:09',NULL,1),(3,'Kuliner','Berita tentang makanan','2024-02-16 01:46:49',NULL,1),(4,'Industri','berita mengenai industri di kabupaten karanganyar','2024-02-17 04:34:36','2024-02-17 04:54:49',1);
/*!40000 ALTER TABLE `tblcategory` ENABLE KEYS */;
UNLOCK TABLES;

--
-- Table structure for table `tblposts_offline`
--

DROP TABLE IF EXISTS `tblposts_offline`;
/*!40101 SET @saved_cs_client     = @@character_set_client */;
/*!50503 SET character_set_client = utf8mb4 */;
CREATE TABLE `tblposts_offline` (
  `id` int(11) NOT NULL AUTO_INCREMENT,
  `id_analyze` int(11) NOT NULL,
  `PostTitle` longtext DEFAULT NULL,
  `CategoryId` int(11) DEFAULT NULL,
  `PostDetails` longtext CHARACTER SET utf8mb3 COLLATE utf8mb3_general_ci DEFAULT NULL,
  `PostAnalyze` varchar(255) NOT NULL,
  `PostingDate` timestamp NULL DEFAULT current_timestamp(),
  `UpdationDate` timestamp NULL DEFAULT NULL ON UPDATE current_timestamp(),
  `Is_Active` int(1) DEFAULT NULL,
  `PostUrl` mediumtext DEFAULT NULL,
  `PostImage` varchar(255) DEFAULT NULL,
  `viewCounter` int(11) DEFAULT NULL,
  `postedBy` varchar(255) DEFAULT NULL,
  `lastUpdatedBy` varchar(255) DEFAULT NULL,
  PRIMARY KEY (`id`),
  KEY `id` (`id`),
  KEY `postcatid` (`CategoryId`),
  KEY `subadmin` (`postedBy`),
  KEY `id_analyze` (`id_analyze`),
  CONSTRAINT `postcatid` FOREIGN KEY (`CategoryId`) REFERENCES `tblcategory` (`id`) ON DELETE NO ACTION ON UPDATE NO ACTION,
  CONSTRAINT `subadmin` FOREIGN KEY (`postedBy`) REFERENCES `tbladmin` (`AdminUserName`) ON DELETE NO ACTION ON UPDATE NO ACTION,
  CONSTRAINT `tblposts_offline_ibfk_1` FOREIGN KEY (`id_analyze`) REFERENCES `offline_post_analyze` (`id`) ON DELETE CASCADE ON UPDATE CASCADE
) ENGINE=InnoDB AUTO_INCREMENT=99 DEFAULT CHARSET=latin1 COLLATE=latin1_swedish_ci;
/*!40101 SET character_set_client = @saved_cs_client */;

--
-- Dumping data for table `tblposts_offline`
--

LOCK TABLES `tblposts_offline` WRITE;
/*!40000 ALTER TABLE `tblposts_offline` DISABLE KEYS */;
/*!40000 ALTER TABLE `tblposts_offline` ENABLE KEYS */;
UNLOCK TABLES;

--
-- Dumping routines for database 'cma_karanganyar'
--
/*!40103 SET TIME_ZONE=@OLD_TIME_ZONE */;

/*!40101 SET SQL_MODE=@OLD_SQL_MODE */;
/*!40014 SET FOREIGN_KEY_CHECKS=@OLD_FOREIGN_KEY_CHECKS */;
/*!40014 SET UNIQUE_CHECKS=@OLD_UNIQUE_CHECKS */;
/*!40101 SET CHARACTER_SET_CLIENT=@OLD_CHARACTER_SET_CLIENT */;
/*!40101 SET CHARACTER_SET_RESULTS=@OLD_CHARACTER_SET_RESULTS */;
/*!40101 SET COLLATION_CONNECTION=@OLD_COLLATION_CONNECTION */;
/*!40111 SET SQL_NOTES=@OLD_SQL_NOTES */;

-- Dump completed on 2024-07-24  0:55:13
